D:\rebar-dataset\training_keras_retinanet\new_data\img_11_2018-11-02_10.13.46.jpg,168,235,202,265,Intersection
D:\rebar-dataset\training_keras_retinanet\new_data\img_11_2018-11-02_10.13.46.jpg,236,251,267,279,Intersection
D:\rebar-dataset\training_keras_retinanet\new_data\img_11_2018-11-02_10.13.46.jpg,297,264,328,289,Intersection
D:\rebar-dataset\training_keras_retinanet\new_data\img_11_2018-11-02_10.13.46.jpg,313,319,337,351,Intersection
D:\rebar-dataset\training_keras_retinanet\new_data\img_11_2018-11-02_10.13.46.jpg,245,311,275,341,Intersection
D:\rebar-dataset\training_keras_retinanet\new_data\img_11_2018-11-02_10.13.46.jpg,167,292,195,325,Intersection
D:\rebar-dataset\training_keras_retinanet\new_data\img_11_2018-11-02_10.13.46.jpg,152,371,194,397,Intersection
D:\rebar-dataset\training_keras_retinanet\new_data\img_11_2018-11-02_10.13.46.jpg,246,385,274,411,Intersection
D:\rebar-dataset\training_keras_retinanet\new_data\img_11_2018-11-02_10.13.46.jpg,321,391,347,417,Intersection
D:\rebar-dataset\training_keras_retinanet\new_data\img_19_2018-11-02_10.14.35.jpg,202,204,222,224,Intersection
D:\rebar-dataset\training_keras_retinanet\new_data\img_19_2018-11-02_10.14.35.jpg,256,266,279,294,Intersection
D:\rebar-dataset\training_keras_retinanet\new_data\img_19_2018-11-02_10.14.35.jpg,282,220,303,240,Intersection
D:\rebar-dataset\training_keras_retinanet\new_data\img_19_2018-11-02_10.14.35.jpg,296,187,320,206,Intersection
D:\rebar-dataset\training_keras_retinanet\new_data\img_19_2018-11-02_10.14.35.jpg,329,213,351,230,Intersection
D:\rebar-dataset\training_keras_retinanet\new_data\img_19_2018-11-02_10.14.35.jpg,367,242,397,266,Intersection
D:\rebar-dataset\training_keras_retinanet\new_data\img_19_2018-11-02_10.14.35.jpg,313,256,341,279,Intersection
D:\rebar-dataset\training_keras_retinanet\new_data\img_19_2018-11-02_10.14.35.jpg,255,199,280,224,Intersection
D:\rebar-dataset\training_keras_retinanet\new_data\img_19_2018-11-02_10.14.35.jpg,224,238,252,254,Intersection
D:\rebar-dataset\training_keras_retinanet\new_data\img_20_2018-11-02_10.14.57.jpg,231,209,256,228,Intersection
D:\rebar-dataset\training_keras_retinanet\new_data\img_20_2018-11-02_10.14.57.jpg,248,228,274,248,Intersection
D:\rebar-dataset\training_keras_retinanet\new_data\img_20_2018-11-02_10.14.57.jpg,281,247,305,268,Intersection
D:\rebar-dataset\training_keras_retinanet\new_data\img_20_2018-11-02_10.14.57.jpg,298,191,323,208,Intersection
D:\rebar-dataset\training_keras_retinanet\new_data\img_20_2018-11-02_10.14.57.jpg,339,207,368,225,Intersection
D:\rebar-dataset\training_keras_retinanet\new_data\img_20_2018-11-02_10.14.57.jpg,372,227,411,245,Intersection
D:\rebar-dataset\training_keras_retinanet\new_data\img_20_2018-11-02_10.14.57.jpg,472,202,501,220,Intersection
D:\rebar-dataset\training_keras_retinanet\new_data\img_20_2018-11-02_10.14.57.jpg,407,189,444,207,Intersection
D:\rebar-dataset\training_keras_retinanet\new_data\img_20_2018-11-02_10.14.57.jpg,369,178,397,199,Intersection
D:\rebar-dataset\training_keras_retinanet\new_data\img_21_2018-11-02_10.15.02.jpg,209,230,244,256,Intersection
D:\rebar-dataset\training_keras_retinanet\new_data\img_21_2018-11-02_10.15.02.jpg,240,255,273,278,Intersection
D:\rebar-dataset\training_keras_retinanet\new_data\img_21_2018-11-02_10.15.02.jpg,292,282,341,314,Intersection
D:\rebar-dataset\training_keras_retinanet\new_data\img_21_2018-11-02_10.15.02.jpg,312,227,363,255,Intersection
D:\rebar-dataset\training_keras_retinanet\new_data\img_21_2018-11-02_10.15.02.jpg,383,250,418,282,Intersection
D:\rebar-dataset\training_keras_retinanet\new_data\img_21_2018-11-02_10.15.02.jpg,277,209,299,229,Intersection
D:\rebar-dataset\training_keras_retinanet\new_data\img_21_2018-11-02_10.15.02.jpg,328,185,384,208,Intersection
D:\rebar-dataset\training_keras_retinanet\new_data\img_21_2018-11-02_10.15.02.jpg,390,205,422,230,Intersection
D:\rebar-dataset\training_keras_retinanet\new_data\img_21_2018-11-02_10.15.02.jpg,454,222,504,250,Intersection
D:\rebar-dataset\training_keras_retinanet\new_data\img_22_2018-11-02_10.15.23.jpg,207,158,240,184,Intersection
D:\rebar-dataset\training_keras_retinanet\new_data\img_22_2018-11-02_10.15.23.jpg,236,189,264,212,Intersection
D:\rebar-dataset\training_keras_retinanet\new_data\img_22_2018-11-02_10.15.23.jpg,274,226,322,254,Intersection
D:\rebar-dataset\training_keras_retinanet\new_data\img_22_2018-11-02_10.15.23.jpg,357,200,380,227,Intersection
D:\rebar-dataset\training_keras_retinanet\new_data\img_22_2018-11-02_10.15.23.jpg,418,187,452,211,Intersection
D:\rebar-dataset\training_keras_retinanet\new_data\img_22_2018-11-02_10.15.23.jpg,357,152,406,187,Intersection
D:\rebar-dataset\training_keras_retinanet\new_data\img_22_2018-11-02_10.15.23.jpg,326,129,356,155,Intersection
D:\rebar-dataset\training_keras_retinanet\new_data\img_22_2018-11-02_10.15.23.jpg,302,172,336,198,Intersection
D:\rebar-dataset\training_keras_retinanet\new_data\img_22_2018-11-02_10.15.23.jpg,271,143,304,168,Intersection
D:\rebar-dataset\training_keras_retinanet\new_data\img_23_2018-11-02_10.15.35.jpg,297,221,318,241,Intersection
D:\rebar-dataset\training_keras_retinanet\new_data\img_23_2018-11-02_10.15.35.jpg,419,202,444,223,Intersection
D:\rebar-dataset\training_keras_retinanet\new_data\img_23_2018-11-02_10.15.35.jpg,463,236,487,256,Intersection
D:\rebar-dataset\training_keras_retinanet\new_data\img_23_2018-11-02_10.15.35.jpg,512,277,536,296,Intersection
D:\rebar-dataset\training_keras_retinanet\new_data\img_23_2018-11-02_10.15.35.jpg,355,304,380,324,Intersection
D:\rebar-dataset\training_keras_retinanet\new_data\img_23_2018-11-02_10.15.35.jpg,322,261,343,275,Intersection
D:\rebar-dataset\training_keras_retinanet\new_data\img_23_2018-11-02_10.15.35.jpg,364,215,382,229,Intersection
D:\rebar-dataset\training_keras_retinanet\new_data\img_23_2018-11-02_10.15.35.jpg,437,293,461,309,Intersection
D:\rebar-dataset\training_keras_retinanet\new_data\img_23_2018-11-02_10.15.35.jpg,393,243,417,262,Intersection
D:\rebar-dataset\training_keras_retinanet\new_data\img_26_2018-11-02_10.16.14.jpg,350,205,378,231,Intersection
D:\rebar-dataset\training_keras_retinanet\new_data\img_26_2018-11-02_10.16.14.jpg,381,157,406,179,Intersection
D:\rebar-dataset\training_keras_retinanet\new_data\img_26_2018-11-02_10.16.14.jpg,408,121,429,140,Intersection
D:\rebar-dataset\training_keras_retinanet\new_data\img_26_2018-11-02_10.16.14.jpg,437,143,459,163,Intersection
D:\rebar-dataset\training_keras_retinanet\new_data\img_26_2018-11-02_10.16.14.jpg,481,177,502,194,Intersection
D:\rebar-dataset\training_keras_retinanet\new_data\img_26_2018-11-02_10.16.14.jpg,302,145,321,162,Intersection
D:\rebar-dataset\training_keras_retinanet\new_data\img_26_2018-11-02_10.16.14.jpg,417,191,444,209,Intersection
D:\rebar-dataset\training_keras_retinanet\new_data\img_26_2018-11-02_10.16.14.jpg,322,175,342,191,Intersection
D:\rebar-dataset\training_keras_retinanet\new_data\img_26_2018-11-02_10.16.14.jpg,356,135,378,150,Intersection
D:\rebar-dataset\training_keras_retinanet\new_data\img_0_2018-11-01_10.03.20.jpg,355,299,385,320,Intersection
D:\rebar-dataset\training_keras_retinanet\new_data\img_0_2018-11-01_10.03.20.jpg,406,245,429,265,Intersection
D:\rebar-dataset\training_keras_retinanet\new_data\img_0_2018-11-01_10.03.20.jpg,388,271,405,292,Intersection
D:\rebar-dataset\training_keras_retinanet\new_data\img_0_2018-11-01_10.03.20.jpg,324,258,348,276,Intersection
D:\rebar-dataset\training_keras_retinanet\new_data\img_0_2018-11-01_10.03.20.jpg,352,236,370,255,Intersection
D:\rebar-dataset\training_keras_retinanet\new_data\img_0_2018-11-01_10.03.20.jpg,300,224,320,244,Intersection
D:\rebar-dataset\training_keras_retinanet\new_data\img_0_2018-11-01_10.03.20.jpg,270,246,291,261,Intersection
D:\rebar-dataset\training_keras_retinanet\new_data\img_0_2018-11-01_10.03.20.jpg,233,270,258,287,Intersection
D:\rebar-dataset\training_keras_retinanet\new_data\img_0_2018-11-01_10.03.20.jpg,289,286,312,303,Intersection
D:\rebar-dataset\training_keras_retinanet\new_data\img_10_2018-11-02_10.13.44.jpg,187,158,213,181,Intersection
D:\rebar-dataset\training_keras_retinanet\new_data\img_10_2018-11-02_10.13.44.jpg,338,170,356,186,Intersection
D:\rebar-dataset\training_keras_retinanet\new_data\img_10_2018-11-02_10.13.44.jpg,282,206,314,234,Intersection
D:\rebar-dataset\training_keras_retinanet\new_data\img_10_2018-11-02_10.13.44.jpg,365,216,387,238,Intersection
D:\rebar-dataset\training_keras_retinanet\new_data\img_10_2018-11-02_10.13.44.jpg,196,268,225,299,Intersection
D:\rebar-dataset\training_keras_retinanet\new_data\img_10_2018-11-02_10.13.44.jpg,392,274,421,301,Intersection
D:\rebar-dataset\training_keras_retinanet\new_data\img_10_2018-11-02_10.13.44.jpg,302,271,319,297,Intersection
D:\rebar-dataset\training_keras_retinanet\new_data\img_10_2018-11-02_10.13.44.jpg,190,207,217,230,Intersection
D:\rebar-dataset\training_keras_retinanet\new_data\img_10_2018-11-02_10.13.44.jpg,268,166,292,186,Intersection
D:\rebar-dataset\training_keras_retinanet\new_data\img_32_2018-11-02_10.16.47.jpg,239,361,271,389,Intersection
D:\rebar-dataset\training_keras_retinanet\new_data\img_32_2018-11-02_10.16.47.jpg,198,313,227,330,Intersection
D:\rebar-dataset\training_keras_retinanet\new_data\img_32_2018-11-02_10.16.47.jpg,306,343,343,364,Intersection
D:\rebar-dataset\training_keras_retinanet\new_data\img_32_2018-11-02_10.16.47.jpg,438,385,470,403,Intersection
D:\rebar-dataset\training_keras_retinanet\new_data\img_32_2018-11-02_10.16.47.jpg,381,353,410,375,Intersection
D:\rebar-dataset\training_keras_retinanet\new_data\img_32_2018-11-02_10.16.47.jpg,343,330,369,347,Intersection
D:\rebar-dataset\training_keras_retinanet\new_data\img_32_2018-11-02_10.16.47.jpg,342,374,376,396,Intersection
D:\rebar-dataset\training_keras_retinanet\new_data\img_32_2018-11-02_10.16.47.jpg,278,322,298,337,Intersection
D:\rebar-dataset\training_keras_retinanet\new_data\img_32_2018-11-02_10.16.47.jpg,213,336,240,351,Intersection
D:\rebar-dataset\training_keras_retinanet\new_data\img_35_2018-11-02_10.17.01.jpg,334,118,356,140,Intersection
D:\rebar-dataset\training_keras_retinanet\new_data\img_35_2018-11-02_10.17.01.jpg,354,161,375,191,Intersection
D:\rebar-dataset\training_keras_retinanet\new_data\img_35_2018-11-02_10.17.01.jpg,374,223,397,240,Intersection
D:\rebar-dataset\training_keras_retinanet\new_data\img_35_2018-11-02_10.17.01.jpg,292,168,315,191,Intersection
D:\rebar-dataset\training_keras_retinanet\new_data\img_35_2018-11-02_10.17.01.jpg,219,136,238,152,Intersection
D:\rebar-dataset\training_keras_retinanet\new_data\img_35_2018-11-02_10.17.01.jpg,221,177,246,202,Intersection
D:\rebar-dataset\training_keras_retinanet\new_data\img_35_2018-11-02_10.17.01.jpg,237,237,262,258,Intersection
D:\rebar-dataset\training_keras_retinanet\new_data\img_35_2018-11-02_10.17.01.jpg,305,232,332,253,Intersection
D:\rebar-dataset\training_keras_retinanet\new_data\img_35_2018-11-02_10.17.01.jpg,278,126,303,149,Intersection
D:\rebar-dataset\training_keras_retinanet\new_data\img_36_2018-11-02_10.17.05.jpg,256,241,303,277,Intersection
D:\rebar-dataset\training_keras_retinanet\new_data\img_36_2018-11-02_10.17.05.jpg,364,234,411,266,Intersection
D:\rebar-dataset\training_keras_retinanet\new_data\img_36_2018-11-02_10.17.05.jpg,461,232,498,258,Intersection
D:\rebar-dataset\training_keras_retinanet\new_data\img_36_2018-11-02_10.17.05.jpg,427,145,454,177,Intersection
D:\rebar-dataset\training_keras_retinanet\new_data\img_36_2018-11-02_10.17.05.jpg,398,80,429,114,Intersection
D:\rebar-dataset\training_keras_retinanet\new_data\img_36_2018-11-02_10.17.05.jpg,342,152,370,176,Intersection
D:\rebar-dataset\training_keras_retinanet\new_data\img_36_2018-11-02_10.17.05.jpg,240,156,273,182,Intersection
D:\rebar-dataset\training_keras_retinanet\new_data\img_36_2018-11-02_10.17.05.jpg,230,86,267,110,Intersection
D:\rebar-dataset\training_keras_retinanet\new_data\img_36_2018-11-02_10.17.05.jpg,315,87,354,113,Intersection
D:\rebar-dataset\training_keras_retinanet\new_data\img_37_2018-11-02_10.17.40.jpg,253,296,293,325,Intersection
D:\rebar-dataset\training_keras_retinanet\new_data\img_37_2018-11-02_10.17.40.jpg,322,220,349,242,Intersection
D:\rebar-dataset\training_keras_retinanet\new_data\img_37_2018-11-02_10.17.40.jpg,467,236,491,263,Intersection
D:\rebar-dataset\training_keras_retinanet\new_data\img_37_2018-11-02_10.17.40.jpg,402,200,426,221,Intersection
D:\rebar-dataset\training_keras_retinanet\new_data\img_37_2018-11-02_10.17.40.jpg,362,169,382,190,Intersection
D:\rebar-dataset\training_keras_retinanet\new_data\img_37_2018-11-02_10.17.40.jpg,207,211,236,227,Intersection
D:\rebar-dataset\training_keras_retinanet\new_data\img_37_2018-11-02_10.17.40.jpg,232,248,260,265,Intersection
D:\rebar-dataset\training_keras_retinanet\new_data\img_37_2018-11-02_10.17.40.jpg,370,272,396,290,Intersection
D:\rebar-dataset\training_keras_retinanet\new_data\img_37_2018-11-02_10.17.40.jpg,286,188,315,211,Intersection
D:\rebar-dataset\training_keras_retinanet\new_data\img_38_2018-11-02_10.17.44.jpg,192,250,218,272,Intersection
D:\rebar-dataset\training_keras_retinanet\new_data\img_38_2018-11-02_10.17.44.jpg,267,328,300,364,Intersection
D:\rebar-dataset\training_keras_retinanet\new_data\img_38_2018-11-02_10.17.44.jpg,493,270,525,293,Intersection
D:\rebar-dataset\training_keras_retinanet\new_data\img_38_2018-11-02_10.17.44.jpg,409,237,435,257,Intersection
D:\rebar-dataset\training_keras_retinanet\new_data\img_38_2018-11-02_10.17.44.jpg,320,257,350,277,Intersection
D:\rebar-dataset\training_keras_retinanet\new_data\img_38_2018-11-02_10.17.44.jpg,282,231,313,247,Intersection
D:\rebar-dataset\training_keras_retinanet\new_data\img_38_2018-11-02_10.17.44.jpg,355,213,383,234,Intersection
D:\rebar-dataset\training_keras_retinanet\new_data\img_38_2018-11-02_10.17.44.jpg,386,299,420,323,Intersection
D:\rebar-dataset\training_keras_retinanet\new_data\img_38_2018-11-02_10.17.44.jpg,222,286,245,304,Intersection
D:\rebar-dataset\training_keras_retinanet\new_data\img_39_2018-11-02_10.17.45.jpg,183,250,207,270,Intersection
D:\rebar-dataset\training_keras_retinanet\new_data\img_39_2018-11-02_10.17.45.jpg,213,286,235,307,Intersection
D:\rebar-dataset\training_keras_retinanet\new_data\img_39_2018-11-02_10.17.45.jpg,258,335,285,359,Intersection
D:\rebar-dataset\training_keras_retinanet\new_data\img_39_2018-11-02_10.17.45.jpg,380,298,408,322,Intersection
D:\rebar-dataset\training_keras_retinanet\new_data\img_39_2018-11-02_10.17.45.jpg,315,252,344,278,Intersection
D:\rebar-dataset\training_keras_retinanet\new_data\img_39_2018-11-02_10.17.45.jpg,345,208,368,232,Intersection
D:\rebar-dataset\training_keras_retinanet\new_data\img_39_2018-11-02_10.17.45.jpg,398,233,428,260,Intersection
D:\rebar-dataset\training_keras_retinanet\new_data\img_39_2018-11-02_10.17.45.jpg,477,264,512,289,Intersection
D:\rebar-dataset\training_keras_retinanet\new_data\img_39_2018-11-02_10.17.45.jpg,271,230,310,250,Intersection
D:\rebar-dataset\training_keras_retinanet\new_data\img_40_2018-11-02_10.17.56.jpg,344,351,381,382,Intersection
D:\rebar-dataset\training_keras_retinanet\new_data\img_40_2018-11-02_10.17.56.jpg,298,307,322,328,Intersection
D:\rebar-dataset\training_keras_retinanet\new_data\img_40_2018-11-02_10.17.56.jpg,432,322,451,344,Intersection
D:\rebar-dataset\training_keras_retinanet\new_data\img_40_2018-11-02_10.17.56.jpg,605,335,629,365,Intersection
D:\rebar-dataset\training_keras_retinanet\new_data\img_40_2018-11-02_10.17.56.jpg,522,319,555,347,Intersection
D:\rebar-dataset\training_keras_retinanet\new_data\img_40_2018-11-02_10.17.56.jpg,462,300,494,320,Intersection
D:\rebar-dataset\training_keras_retinanet\new_data\img_40_2018-11-02_10.17.56.jpg,317,330,341,346,Intersection
D:\rebar-dataset\training_keras_retinanet\new_data\img_40_2018-11-02_10.17.56.jpg,384,307,414,323,Intersection
D:\rebar-dataset\training_keras_retinanet\new_data\img_40_2018-11-02_10.17.56.jpg,478,349,516,374,Intersection
D:\rebar-dataset\training_keras_retinanet\new_data\img_41_2018-11-02_10.17.59.jpg,204,312,227,331,Intersection
D:\rebar-dataset\training_keras_retinanet\new_data\img_41_2018-11-02_10.17.59.jpg,218,337,239,355,Intersection
D:\rebar-dataset\training_keras_retinanet\new_data\img_41_2018-11-02_10.17.59.jpg,244,367,267,389,Intersection
D:\rebar-dataset\training_keras_retinanet\new_data\img_41_2018-11-02_10.17.59.jpg,371,374,397,392,Intersection
D:\rebar-dataset\training_keras_retinanet\new_data\img_41_2018-11-02_10.17.59.jpg,321,339,348,361,Intersection
D:\rebar-dataset\training_keras_retinanet\new_data\img_41_2018-11-02_10.17.59.jpg,296,321,319,340,Intersection
D:\rebar-dataset\training_keras_retinanet\new_data\img_41_2018-11-02_10.17.59.jpg,370,323,395,346,Intersection
D:\rebar-dataset\training_keras_retinanet\new_data\img_41_2018-11-02_10.17.59.jpg,419,348,447,370,Intersection
D:\rebar-dataset\training_keras_retinanet\new_data\img_41_2018-11-02_10.17.59.jpg,479,376,511,399,Intersection
D:\rebar-dataset\training_keras_retinanet\new_data\img_44_2018-11-02_10.18.26.jpg,280,296,310,324,Intersection
D:\rebar-dataset\training_keras_retinanet\new_data\img_44_2018-11-02_10.18.26.jpg,390,303,419,325,Intersection
D:\rebar-dataset\training_keras_retinanet\new_data\img_44_2018-11-02_10.18.26.jpg,491,300,518,321,Intersection
D:\rebar-dataset\training_keras_retinanet\new_data\img_44_2018-11-02_10.18.26.jpg,447,232,470,252,Intersection
D:\rebar-dataset\training_keras_retinanet\new_data\img_44_2018-11-02_10.18.26.jpg,363,230,386,251,Intersection
D:\rebar-dataset\training_keras_retinanet\new_data\img_44_2018-11-02_10.18.26.jpg,267,229,295,252,Intersection
D:\rebar-dataset\training_keras_retinanet\new_data\img_44_2018-11-02_10.18.26.jpg,264,177,289,199,Intersection
D:\rebar-dataset\training_keras_retinanet\new_data\img_44_2018-11-02_10.18.26.jpg,346,181,369,200,Intersection
D:\rebar-dataset\training_keras_retinanet\new_data\img_44_2018-11-02_10.18.26.jpg,418,183,444,204,Intersection
D:\rebar-dataset\training_keras_retinanet\new_data\img_12_2018-11-02_10.13.49.jpg,252,102,283,128,Intersection
D:\rebar-dataset\training_keras_retinanet\new_data\img_12_2018-11-02_10.13.49.jpg,324,126,347,149,Intersection
D:\rebar-dataset\training_keras_retinanet\new_data\img_12_2018-11-02_10.13.49.jpg,383,143,408,164,Intersection
D:\rebar-dataset\training_keras_retinanet\new_data\img_12_2018-11-02_10.13.49.jpg,249,164,285,192,Intersection
D:\rebar-dataset\training_keras_retinanet\new_data\img_12_2018-11-02_10.13.49.jpg,322,181,350,208,Intersection
D:\rebar-dataset\training_keras_retinanet\new_data\img_12_2018-11-02_10.13.49.jpg,390,195,411,223,Intersection
D:\rebar-dataset\training_keras_retinanet\new_data\img_12_2018-11-02_10.13.49.jpg,391,263,418,289,Intersection
D:\rebar-dataset\training_keras_retinanet\new_data\img_12_2018-11-02_10.13.49.jpg,323,251,346,276,Intersection
D:\rebar-dataset\training_keras_retinanet\new_data\img_12_2018-11-02_10.13.49.jpg,243,230,277,262,Intersection
D:\rebar-dataset\training_keras_retinanet\new_data\img_13_2018-11-02_10.14.08.jpg,213,170,237,185,Intersection
D:\rebar-dataset\training_keras_retinanet\new_data\img_13_2018-11-02_10.14.08.jpg,270,144,291,162,Intersection
D:\rebar-dataset\training_keras_retinanet\new_data\img_13_2018-11-02_10.14.08.jpg,316,122,341,139,Intersection
D:\rebar-dataset\training_keras_retinanet\new_data\img_13_2018-11-02_10.14.08.jpg,305,166,325,185,Intersection
D:\rebar-dataset\training_keras_retinanet\new_data\img_13_2018-11-02_10.14.08.jpg,354,139,378,159,Intersection
D:\rebar-dataset\training_keras_retinanet\new_data\img_13_2018-11-02_10.14.08.jpg,402,169,425,189,Intersection
D:\rebar-dataset\training_keras_retinanet\new_data\img_13_2018-11-02_10.14.08.jpg,350,196,367,216,Intersection
D:\rebar-dataset\training_keras_retinanet\new_data\img_13_2018-11-02_10.14.08.jpg,285,229,307,250,Intersection
D:\rebar-dataset\training_keras_retinanet\new_data\img_13_2018-11-02_10.14.08.jpg,248,195,270,216,Intersection
D:\rebar-dataset\training_keras_retinanet\new_data\img_14_2018-11-02_10.14.11.jpg,277,167,299,184,Intersection
D:\rebar-dataset\training_keras_retinanet\new_data\img_14_2018-11-02_10.14.11.jpg,295,199,317,219,Intersection
D:\rebar-dataset\training_keras_retinanet\new_data\img_14_2018-11-02_10.14.11.jpg,314,241,343,269,Intersection
D:\rebar-dataset\training_keras_retinanet\new_data\img_14_2018-11-02_10.14.11.jpg,389,232,417,256,Intersection
D:\rebar-dataset\training_keras_retinanet\new_data\img_14_2018-11-02_10.14.11.jpg,359,188,387,207,Intersection
D:\rebar-dataset\training_keras_retinanet\new_data\img_14_2018-11-02_10.14.11.jpg,342,155,367,174,Intersection
D:\rebar-dataset\training_keras_retinanet\new_data\img_14_2018-11-02_10.14.11.jpg,397,145,420,166,Intersection
D:\rebar-dataset\training_keras_retinanet\new_data\img_14_2018-11-02_10.14.11.jpg,426,179,453,198,Intersection
D:\rebar-dataset\training_keras_retinanet\new_data\img_14_2018-11-02_10.14.11.jpg,457,216,492,242,Intersection
D:\rebar-dataset\training_keras_retinanet\new_data\img_15_2018-11-02_10.14.13.jpg,328,69,347,86,Intersection
D:\rebar-dataset\training_keras_retinanet\new_data\img_15_2018-11-02_10.14.13.jpg,339,113,358,133,Intersection
D:\rebar-dataset\training_keras_retinanet\new_data\img_15_2018-11-02_10.14.13.jpg,351,169,381,195,Intersection
D:\rebar-dataset\training_keras_retinanet\new_data\img_15_2018-11-02_10.14.13.jpg,413,137,439,156,Intersection
D:\rebar-dataset\training_keras_retinanet\new_data\img_15_2018-11-02_10.14.13.jpg,434,192,455,215,Intersection
D:\rebar-dataset\training_keras_retinanet\new_data\img_15_2018-11-02_10.14.13.jpg,393,87,414,109,Intersection
D:\rebar-dataset\training_keras_retinanet\new_data\img_15_2018-11-02_10.14.13.jpg,450,113,470,129,Intersection
D:\rebar-dataset\training_keras_retinanet\new_data\img_15_2018-11-02_10.14.13.jpg,470,157,497,177,Intersection
D:\rebar-dataset\training_keras_retinanet\new_data\img_15_2018-11-02_10.14.13.jpg,502,213,529,237,Intersection
D:\rebar-dataset\training_keras_retinanet\new_data\img_16_2018-11-02_10.14.15.jpg,282,115,309,136,Intersection
D:\rebar-dataset\training_keras_retinanet\new_data\img_16_2018-11-02_10.14.15.jpg,285,164,306,191,Intersection
D:\rebar-dataset\training_keras_retinanet\new_data\img_16_2018-11-02_10.14.15.jpg,283,236,315,265,Intersection
D:\rebar-dataset\training_keras_retinanet\new_data\img_16_2018-11-02_10.14.15.jpg,339,283,363,308,Intersection
D:\rebar-dataset\training_keras_retinanet\new_data\img_16_2018-11-02_10.14.15.jpg,333,211,355,234,Intersection
D:\rebar-dataset\training_keras_retinanet\new_data\img_16_2018-11-02_10.14.15.jpg,331,159,354,187,Intersection
D:\rebar-dataset\training_keras_retinanet\new_data\img_16_2018-11-02_10.14.15.jpg,367,199,383,222,Intersection
D:\rebar-dataset\training_keras_retinanet\new_data\img_16_2018-11-02_10.14.15.jpg,371,253,391,275,Intersection
D:\rebar-dataset\training_keras_retinanet\new_data\img_16_2018-11-02_10.14.15.jpg,381,320,402,341,Intersection
D:\rebar-dataset\training_keras_retinanet\new_data\img_17_2018-11-02_10.14.19.jpg,246,60,270,89,Intersection
D:\rebar-dataset\training_keras_retinanet\new_data\img_17_2018-11-02_10.14.19.jpg,242,199,267,233,Intersection
D:\rebar-dataset\training_keras_retinanet\new_data\img_17_2018-11-02_10.14.19.jpg,278,192,303,215,Intersection
D:\rebar-dataset\training_keras_retinanet\new_data\img_17_2018-11-02_10.14.19.jpg,305,305,324,330,Intersection
D:\rebar-dataset\training_keras_retinanet\new_data\img_17_2018-11-02_10.14.19.jpg,300,229,322,255,Intersection
D:\rebar-dataset\training_keras_retinanet\new_data\img_17_2018-11-02_10.14.19.jpg,302,178,317,200,Intersection
D:\rebar-dataset\training_keras_retinanet\new_data\img_17_2018-11-02_10.14.19.jpg,278,123,297,149,Intersection
D:\rebar-dataset\training_keras_retinanet\new_data\img_17_2018-11-02_10.14.19.jpg,279,248,296,284,Intersection
D:\rebar-dataset\training_keras_retinanet\new_data\img_17_2018-11-02_10.14.19.jpg,247,124,267,152,Intersection
D:\rebar-dataset\training_keras_retinanet\new_data\img_18_2018-11-02_10.14.32.jpg,308,113,324,129,Intersection
D:\rebar-dataset\training_keras_retinanet\new_data\img_18_2018-11-02_10.14.32.jpg,344,130,368,143,Intersection
D:\rebar-dataset\training_keras_retinanet\new_data\img_18_2018-11-02_10.14.32.jpg,388,143,403,159,Intersection
D:\rebar-dataset\training_keras_retinanet\new_data\img_18_2018-11-02_10.14.32.jpg,299,154,316,169,Intersection
D:\rebar-dataset\training_keras_retinanet\new_data\img_18_2018-11-02_10.14.32.jpg,289,204,312,221,Intersection
D:\rebar-dataset\training_keras_retinanet\new_data\img_18_2018-11-02_10.14.32.jpg,221,165,241,176,Intersection
D:\rebar-dataset\training_keras_retinanet\new_data\img_18_2018-11-02_10.14.32.jpg,255,180,275,203,Intersection
D:\rebar-dataset\training_keras_retinanet\new_data\img_18_2018-11-02_10.14.32.jpg,337,169,363,189,Intersection
D:\rebar-dataset\training_keras_retinanet\new_data\img_18_2018-11-02_10.14.32.jpg,269,138,287,151,Intersection
D:\rebar-dataset\training_keras_retinanet\new_data\img_1_2018-11-01_10.24.40.jpg,219,211,242,230,Intersection
D:\rebar-dataset\training_keras_retinanet\new_data\img_1_2018-11-01_10.24.40.jpg,344,270,370,299,Intersection
D:\rebar-dataset\training_keras_retinanet\new_data\img_1_2018-11-01_10.24.40.jpg,325,196,348,218,Intersection
D:\rebar-dataset\training_keras_retinanet\new_data\img_1_2018-11-01_10.24.40.jpg,312,142,337,163,Intersection
D:\rebar-dataset\training_keras_retinanet\new_data\img_1_2018-11-01_10.24.40.jpg,369,165,394,186,Intersection
D:\rebar-dataset\training_keras_retinanet\new_data\img_1_2018-11-01_10.24.40.jpg,434,186,456,209,Intersection
D:\rebar-dataset\training_keras_retinanet\new_data\img_1_2018-11-01_10.24.40.jpg,388,226,414,249,Intersection
D:\rebar-dataset\training_keras_retinanet\new_data\img_1_2018-11-01_10.24.40.jpg,271,175,293,194,Intersection
D:\rebar-dataset\training_keras_retinanet\new_data\img_1_2018-11-01_10.24.40.jpg,273,238,294,258,Intersection
D:\rebar-dataset\training_keras_retinanet\new_data\img_24_2018-11-02_10.15.40.jpg,256,104,276,128,Intersection
D:\rebar-dataset\training_keras_retinanet\new_data\img_24_2018-11-02_10.15.40.jpg,261,141,283,162,Intersection
D:\rebar-dataset\training_keras_retinanet\new_data\img_24_2018-11-02_10.15.40.jpg,271,195,292,224,Intersection
D:\rebar-dataset\training_keras_retinanet\new_data\img_24_2018-11-02_10.15.40.jpg,330,255,352,279,Intersection
D:\rebar-dataset\training_keras_retinanet\new_data\img_24_2018-11-02_10.15.40.jpg,317,203,337,225,Intersection
D:\rebar-dataset\training_keras_retinanet\new_data\img_24_2018-11-02_10.15.40.jpg,308,159,329,182,Intersection
D:\rebar-dataset\training_keras_retinanet\new_data\img_24_2018-11-02_10.15.40.jpg,344,207,364,228,Intersection
D:\rebar-dataset\training_keras_retinanet\new_data\img_24_2018-11-02_10.15.40.jpg,358,247,378,275,Intersection
D:\rebar-dataset\training_keras_retinanet\new_data\img_24_2018-11-02_10.15.40.jpg,380,314,406,339,Intersection
D:\rebar-dataset\training_keras_retinanet\new_data\img_25_2018-11-02_10.15.45.jpg,290,296,325,327,Intersection
D:\rebar-dataset\training_keras_retinanet\new_data\img_25_2018-11-02_10.15.45.jpg,233,272,257,292,Intersection
D:\rebar-dataset\training_keras_retinanet\new_data\img_25_2018-11-02_10.15.45.jpg,182,252,210,269,Intersection
D:\rebar-dataset\training_keras_retinanet\new_data\img_25_2018-11-02_10.15.45.jpg,220,196,255,217,Intersection
D:\rebar-dataset\training_keras_retinanet\new_data\img_25_2018-11-02_10.15.45.jpg,279,208,311,232,Intersection
D:\rebar-dataset\training_keras_retinanet\new_data\img_25_2018-11-02_10.15.45.jpg,343,230,375,253,Intersection
D:\rebar-dataset\training_keras_retinanet\new_data\img_25_2018-11-02_10.15.45.jpg,375,162,404,194,Intersection
D:\rebar-dataset\training_keras_retinanet\new_data\img_25_2018-11-02_10.15.45.jpg,308,145,334,176,Intersection
D:\rebar-dataset\training_keras_retinanet\new_data\img_25_2018-11-02_10.15.45.jpg,252,144,283,165,Intersection
D:\rebar-dataset\training_keras_retinanet\new_data\img_27_2018-11-02_10.16.19.jpg,226,242,245,257,Intersection
D:\rebar-dataset\training_keras_retinanet\new_data\img_27_2018-11-02_10.16.19.jpg,248,256,269,274,Intersection
D:\rebar-dataset\training_keras_retinanet\new_data\img_27_2018-11-02_10.16.19.jpg,277,277,312,300,Intersection
D:\rebar-dataset\training_keras_retinanet\new_data\img_27_2018-11-02_10.16.19.jpg,371,268,400,291,Intersection
D:\rebar-dataset\training_keras_retinanet\new_data\img_27_2018-11-02_10.16.19.jpg,329,250,350,269,Intersection
D:\rebar-dataset\training_keras_retinanet\new_data\img_27_2018-11-02_10.16.19.jpg,295,235,318,254,Intersection
D:\rebar-dataset\training_keras_retinanet\new_data\img_27_2018-11-02_10.16.19.jpg,355,234,385,252,Intersection
D:\rebar-dataset\training_keras_retinanet\new_data\img_27_2018-11-02_10.16.19.jpg,396,244,424,263,Intersection
D:\rebar-dataset\training_keras_retinanet\new_data\img_27_2018-11-02_10.16.19.jpg,455,261,481,287,Intersection
D:\rebar-dataset\training_keras_retinanet\new_data\img_28_2018-11-02_10.16.22.jpg,215,280,242,299,Intersection
D:\rebar-dataset\training_keras_retinanet\new_data\img_28_2018-11-02_10.16.22.jpg,336,294,368,312,Intersection
D:\rebar-dataset\training_keras_retinanet\new_data\img_28_2018-11-02_10.16.22.jpg,327,237,347,256,Intersection
D:\rebar-dataset\training_keras_retinanet\new_data\img_28_2018-11-02_10.16.22.jpg,390,240,419,259,Intersection
D:\rebar-dataset\training_keras_retinanet\new_data\img_28_2018-11-02_10.16.22.jpg,441,200,466,220,Intersection
D:\rebar-dataset\training_keras_retinanet\new_data\img_28_2018-11-02_10.16.22.jpg,372,205,396,221,Intersection
D:\rebar-dataset\training_keras_retinanet\new_data\img_28_2018-11-02_10.16.22.jpg,316,211,339,228,Intersection
D:\rebar-dataset\training_keras_retinanet\new_data\img_28_2018-11-02_10.16.22.jpg,270,238,291,253,Intersection
D:\rebar-dataset\training_keras_retinanet\new_data\img_28_2018-11-02_10.16.22.jpg,262,290,289,307,Intersection
D:\rebar-dataset\training_keras_retinanet\new_data\img_29_2018-11-02_10.16.24.jpg,159,315,190,345,Intersection
D:\rebar-dataset\training_keras_retinanet\new_data\img_29_2018-11-02_10.16.24.jpg,204,343,239,366,Intersection
D:\rebar-dataset\training_keras_retinanet\new_data\img_29_2018-11-02_10.16.24.jpg,274,373,303,399,Intersection
D:\rebar-dataset\training_keras_retinanet\new_data\img_29_2018-11-02_10.16.24.jpg,332,321,367,348,Intersection
D:\rebar-dataset\training_keras_retinanet\new_data\img_29_2018-11-02_10.16.24.jpg,279,299,296,317,Intersection
D:\rebar-dataset\training_keras_retinanet\new_data\img_29_2018-11-02_10.16.24.jpg,221,277,251,295,Intersection
D:\rebar-dataset\training_keras_retinanet\new_data\img_29_2018-11-02_10.16.24.jpg,270,241,297,267,Intersection
D:\rebar-dataset\training_keras_retinanet\new_data\img_29_2018-11-02_10.16.24.jpg,324,260,352,284,Intersection
D:\rebar-dataset\training_keras_retinanet\new_data\img_29_2018-11-02_10.16.24.jpg,386,277,414,305,Intersection
D:\rebar-dataset\training_keras_retinanet\new_data\img_2_2018-11-02_10.13.14.jpg,193,246,217,264,Intersection
D:\rebar-dataset\training_keras_retinanet\new_data\img_2_2018-11-02_10.13.14.jpg,220,263,248,285,Intersection
D:\rebar-dataset\training_keras_retinanet\new_data\img_2_2018-11-02_10.13.14.jpg,263,282,290,299,Intersection
D:\rebar-dataset\training_keras_retinanet\new_data\img_2_2018-11-02_10.13.14.jpg,316,247,337,266,Intersection
D:\rebar-dataset\training_keras_retinanet\new_data\img_2_2018-11-02_10.13.14.jpg,277,230,295,248,Intersection
D:\rebar-dataset\training_keras_retinanet\new_data\img_2_2018-11-02_10.13.14.jpg,243,215,263,236,Intersection
D:\rebar-dataset\training_keras_retinanet\new_data\img_2_2018-11-02_10.13.14.jpg,280,193,301,210,Intersection
D:\rebar-dataset\training_keras_retinanet\new_data\img_2_2018-11-02_10.13.14.jpg,320,205,338,222,Intersection
D:\rebar-dataset\training_keras_retinanet\new_data\img_2_2018-11-02_10.13.14.jpg,360,215,382,234,Intersection
D:\rebar-dataset\training_keras_retinanet\new_data\img_30_2018-11-02_10.16.28.jpg,213,170,239,195,Intersection
D:\rebar-dataset\training_keras_retinanet\new_data\img_30_2018-11-02_10.16.28.jpg,247,212,275,235,Intersection
D:\rebar-dataset\training_keras_retinanet\new_data\img_30_2018-11-02_10.16.28.jpg,286,263,319,290,Intersection
D:\rebar-dataset\training_keras_retinanet\new_data\img_30_2018-11-02_10.16.28.jpg,358,222,393,249,Intersection
D:\rebar-dataset\training_keras_retinanet\new_data\img_30_2018-11-02_10.16.28.jpg,414,192,453,216,Intersection
D:\rebar-dataset\training_keras_retinanet\new_data\img_30_2018-11-02_10.16.28.jpg,307,181,335,200,Intersection
D:\rebar-dataset\training_keras_retinanet\new_data\img_30_2018-11-02_10.16.28.jpg,275,142,300,167,Intersection
D:\rebar-dataset\training_keras_retinanet\new_data\img_30_2018-11-02_10.16.28.jpg,328,119,353,137,Intersection
D:\rebar-dataset\training_keras_retinanet\new_data\img_30_2018-11-02_10.16.28.jpg,368,148,400,177,Intersection
D:\rebar-dataset\training_keras_retinanet\new_data\img_31_2018-11-02_10.16.43.jpg,330,273,356,296,Intersection
D:\rebar-dataset\training_keras_retinanet\new_data\img_31_2018-11-02_10.16.43.jpg,230,237,257,270,Intersection
D:\rebar-dataset\training_keras_retinanet\new_data\img_31_2018-11-02_10.16.43.jpg,266,325,299,359,Intersection
D:\rebar-dataset\training_keras_retinanet\new_data\img_31_2018-11-02_10.16.43.jpg,245,280,276,307,Intersection
D:\rebar-dataset\training_keras_retinanet\new_data\img_31_2018-11-02_10.16.43.jpg,302,235,329,264,Intersection
D:\rebar-dataset\training_keras_retinanet\new_data\img_31_2018-11-02_10.16.43.jpg,355,314,401,350,Intersection
D:\rebar-dataset\training_keras_retinanet\new_data\img_31_2018-11-02_10.16.43.jpg,439,309,482,342,Intersection
D:\rebar-dataset\training_keras_retinanet\new_data\img_31_2018-11-02_10.16.43.jpg,391,263,430,293,Intersection
D:\rebar-dataset\training_keras_retinanet\new_data\img_31_2018-11-02_10.16.43.jpg,363,232,398,257,Intersection
D:\rebar-dataset\training_keras_retinanet\new_data\img_33_2018-11-02_10.16.51.jpg,194,311,219,334,Intersection
D:\rebar-dataset\training_keras_retinanet\new_data\img_33_2018-11-02_10.16.51.jpg,208,335,230,355,Intersection
D:\rebar-dataset\training_keras_retinanet\new_data\img_33_2018-11-02_10.16.51.jpg,224,359,258,386,Intersection
D:\rebar-dataset\training_keras_retinanet\new_data\img_33_2018-11-02_10.16.51.jpg,282,358,317,380,Intersection
D:\rebar-dataset\training_keras_retinanet\new_data\img_33_2018-11-02_10.16.51.jpg,321,393,354,418,Intersection
D:\rebar-dataset\training_keras_retinanet\new_data\img_33_2018-11-02_10.16.51.jpg,400,426,447,451,Intersection
D:\rebar-dataset\training_keras_retinanet\new_data\img_33_2018-11-02_10.16.51.jpg,366,391,390,412,Intersection
D:\rebar-dataset\training_keras_retinanet\new_data\img_33_2018-11-02_10.16.51.jpg,331,359,355,382,Intersection
D:\rebar-dataset\training_keras_retinanet\new_data\img_33_2018-11-02_10.16.51.jpg,258,333,285,356,Intersection
D:\rebar-dataset\training_keras_retinanet\new_data\img_34_2018-11-02_10.16.56.jpg,310,102,334,132,Intersection
D:\rebar-dataset\training_keras_retinanet\new_data\img_34_2018-11-02_10.16.56.jpg,297,138,320,168,Intersection
D:\rebar-dataset\training_keras_retinanet\new_data\img_34_2018-11-02_10.16.56.jpg,275,205,316,242,Intersection
D:\rebar-dataset\training_keras_retinanet\new_data\img_34_2018-11-02_10.16.56.jpg,326,220,352,250,Intersection
D:\rebar-dataset\training_keras_retinanet\new_data\img_34_2018-11-02_10.16.56.jpg,318,277,346,310,Intersection
D:\rebar-dataset\training_keras_retinanet\new_data\img_34_2018-11-02_10.16.56.jpg,337,164,360,198,Intersection
D:\rebar-dataset\training_keras_retinanet\new_data\img_34_2018-11-02_10.16.56.jpg,358,233,384,260,Intersection
D:\rebar-dataset\training_keras_retinanet\new_data\img_34_2018-11-02_10.16.56.jpg,357,288,382,316,Intersection
D:\rebar-dataset\training_keras_retinanet\new_data\img_34_2018-11-02_10.16.56.jpg,349,353,378,381,Intersection
D:\rebar-dataset\training_keras_retinanet\new_data\img_3_2018-11-02_10.13.16.jpg,181,280,209,302,Intersection
D:\rebar-dataset\training_keras_retinanet\new_data\img_3_2018-11-02_10.13.16.jpg,154,257,180,284,Intersection
D:\rebar-dataset\training_keras_retinanet\new_data\img_3_2018-11-02_10.13.16.jpg,217,301,246,324,Intersection
D:\rebar-dataset\training_keras_retinanet\new_data\img_3_2018-11-02_10.13.16.jpg,274,271,301,290,Intersection
D:\rebar-dataset\training_keras_retinanet\new_data\img_3_2018-11-02_10.13.16.jpg,232,248,261,270,Intersection
D:\rebar-dataset\training_keras_retinanet\new_data\img_3_2018-11-02_10.13.16.jpg,196,235,228,256,Intersection
D:\rebar-dataset\training_keras_retinanet\new_data\img_3_2018-11-02_10.13.16.jpg,241,210,270,237,Intersection
D:\rebar-dataset\training_keras_retinanet\new_data\img_3_2018-11-02_10.13.16.jpg,278,221,304,247,Intersection
D:\rebar-dataset\training_keras_retinanet\new_data\img_3_2018-11-02_10.13.16.jpg,317,243,346,265,Intersection
D:\rebar-dataset\training_keras_retinanet\new_data\img_42_2018-11-02_10.18.13.jpg,173,367,224,405,Intersection
D:\rebar-dataset\training_keras_retinanet\new_data\img_42_2018-11-02_10.18.13.jpg,161,327,195,354,Intersection
D:\rebar-dataset\training_keras_retinanet\new_data\img_42_2018-11-02_10.18.13.jpg,149,300,185,324,Intersection
D:\rebar-dataset\training_keras_retinanet\new_data\img_42_2018-11-02_10.18.13.jpg,236,314,271,336,Intersection
D:\rebar-dataset\training_keras_retinanet\new_data\img_42_2018-11-02_10.18.13.jpg,266,339,302,365,Intersection
D:\rebar-dataset\training_keras_retinanet\new_data\img_42_2018-11-02_10.18.13.jpg,303,380,349,410,Intersection
D:\rebar-dataset\training_keras_retinanet\new_data\img_42_2018-11-02_10.18.13.jpg,399,390,450,414,Intersection
D:\rebar-dataset\training_keras_retinanet\new_data\img_42_2018-11-02_10.18.13.jpg,348,346,376,369,Intersection
D:\rebar-dataset\training_keras_retinanet\new_data\img_42_2018-11-02_10.18.13.jpg,311,312,345,341,Intersection
D:\rebar-dataset\training_keras_retinanet\new_data\img_43_2018-11-02_10.18.23.jpg,157,286,183,313,Intersection
D:\rebar-dataset\training_keras_retinanet\new_data\img_43_2018-11-02_10.18.23.jpg,188,355,220,390,Intersection
D:\rebar-dataset\training_keras_retinanet\new_data\img_43_2018-11-02_10.18.23.jpg,166,316,200,340,Intersection
D:\rebar-dataset\training_keras_retinanet\new_data\img_43_2018-11-02_10.18.23.jpg,231,290,272,318,Intersection
D:\rebar-dataset\training_keras_retinanet\new_data\img_43_2018-11-02_10.18.23.jpg,271,325,302,350,Intersection
D:\rebar-dataset\training_keras_retinanet\new_data\img_43_2018-11-02_10.18.23.jpg,303,368,349,393,Intersection
D:\rebar-dataset\training_keras_retinanet\new_data\img_43_2018-11-02_10.18.23.jpg,406,369,451,395,Intersection
D:\rebar-dataset\training_keras_retinanet\new_data\img_43_2018-11-02_10.18.23.jpg,349,325,384,352,Intersection
D:\rebar-dataset\training_keras_retinanet\new_data\img_43_2018-11-02_10.18.23.jpg,313,301,343,324,Intersection
D:\rebar-dataset\training_keras_retinanet\new_data\img_45_2018-11-02_10.18.43.jpg,253,218,293,250,Intersection
D:\rebar-dataset\training_keras_retinanet\new_data\img_45_2018-11-02_10.18.43.jpg,240,104,278,134,Intersection
D:\rebar-dataset\training_keras_retinanet\new_data\img_45_2018-11-02_10.18.43.jpg,247,151,283,184,Intersection
D:\rebar-dataset\training_keras_retinanet\new_data\img_45_2018-11-02_10.18.43.jpg,325,119,356,150,Intersection
D:\rebar-dataset\training_keras_retinanet\new_data\img_45_2018-11-02_10.18.43.jpg,339,170,374,201,Intersection
D:\rebar-dataset\training_keras_retinanet\new_data\img_45_2018-11-02_10.18.43.jpg,353,227,397,267,Intersection
D:\rebar-dataset\training_keras_retinanet\new_data\img_45_2018-11-02_10.18.43.jpg,444,239,487,277,Intersection
D:\rebar-dataset\training_keras_retinanet\new_data\img_45_2018-11-02_10.18.43.jpg,419,184,454,215,Intersection
D:\rebar-dataset\training_keras_retinanet\new_data\img_45_2018-11-02_10.18.43.jpg,393,135,421,161,Intersection
D:\rebar-dataset\training_keras_retinanet\new_data\img_46_2018-11-02_10.18.45.jpg,252,247,288,284,Intersection
D:\rebar-dataset\training_keras_retinanet\new_data\img_46_2018-11-02_10.18.45.jpg,230,220,259,248,Intersection
D:\rebar-dataset\training_keras_retinanet\new_data\img_46_2018-11-02_10.18.45.jpg,211,190,248,218,Intersection
D:\rebar-dataset\training_keras_retinanet\new_data\img_46_2018-11-02_10.18.45.jpg,300,186,334,214,Intersection
D:\rebar-dataset\training_keras_retinanet\new_data\img_46_2018-11-02_10.18.45.jpg,334,208,361,234,Intersection
D:\rebar-dataset\training_keras_retinanet\new_data\img_46_2018-11-02_10.18.45.jpg,372,238,412,266,Intersection
D:\rebar-dataset\training_keras_retinanet\new_data\img_46_2018-11-02_10.18.45.jpg,476,222,520,255,Intersection
D:\rebar-dataset\training_keras_retinanet\new_data\img_46_2018-11-02_10.18.45.jpg,413,197,449,222,Intersection
D:\rebar-dataset\training_keras_retinanet\new_data\img_46_2018-11-02_10.18.45.jpg,376,176,406,200,Intersection
D:\rebar-dataset\training_keras_retinanet\new_data\img_47_2018-11-02_10.18.48.jpg,341,56,375,96,Intersection
D:\rebar-dataset\training_keras_retinanet\new_data\img_47_2018-11-02_10.18.48.jpg,333,117,368,156,Intersection
D:\rebar-dataset\training_keras_retinanet\new_data\img_47_2018-11-02_10.18.48.jpg,312,197,356,241,Intersection
D:\rebar-dataset\training_keras_retinanet\new_data\img_47_2018-11-02_10.18.48.jpg,390,269,423,307,Intersection
D:\rebar-dataset\training_keras_retinanet\new_data\img_47_2018-11-02_10.18.48.jpg,396,183,425,220,Intersection
D:\rebar-dataset\training_keras_retinanet\new_data\img_47_2018-11-02_10.18.48.jpg,400,126,426,159,Intersection
D:\rebar-dataset\training_keras_retinanet\new_data\img_47_2018-11-02_10.18.48.jpg,442,181,468,212,Intersection
D:\rebar-dataset\training_keras_retinanet\new_data\img_47_2018-11-02_10.18.48.jpg,448,244,471,274,Intersection
D:\rebar-dataset\training_keras_retinanet\new_data\img_47_2018-11-02_10.18.48.jpg,450,323,480,362,Intersection
D:\rebar-dataset\training_keras_retinanet\new_data\img_48_2018-11-02_10.18.50.jpg,261,252,305,292,Intersection
D:\rebar-dataset\training_keras_retinanet\new_data\img_48_2018-11-02_10.18.50.jpg,335,182,374,212,Intersection
D:\rebar-dataset\training_keras_retinanet\new_data\img_48_2018-11-02_10.18.50.jpg,386,129,417,160,Intersection
D:\rebar-dataset\training_keras_retinanet\new_data\img_48_2018-11-02_10.18.50.jpg,234,112,277,153,Intersection
D:\rebar-dataset\training_keras_retinanet\new_data\img_48_2018-11-02_10.18.50.jpg,412,185,448,217,Intersection
D:\rebar-dataset\training_keras_retinanet\new_data\img_48_2018-11-02_10.18.50.jpg,439,256,475,291,Intersection
D:\rebar-dataset\training_keras_retinanet\new_data\img_48_2018-11-02_10.18.50.jpg,350,260,389,288,Intersection
D:\rebar-dataset\training_keras_retinanet\new_data\img_48_2018-11-02_10.18.50.jpg,318,115,352,149,Intersection
D:\rebar-dataset\training_keras_retinanet\new_data\img_48_2018-11-02_10.18.50.jpg,244,171,282,211,Intersection
D:\rebar-dataset\training_keras_retinanet\new_data\img_49_2018-11-02_10.18.52.jpg,275,375,319,411,Intersection
D:\rebar-dataset\training_keras_retinanet\new_data\img_49_2018-11-02_10.18.52.jpg,207,271,248,295,Intersection
D:\rebar-dataset\training_keras_retinanet\new_data\img_49_2018-11-02_10.18.52.jpg,313,261,357,286,Intersection
D:\rebar-dataset\training_keras_retinanet\new_data\img_49_2018-11-02_10.18.52.jpg,390,208,424,237,Intersection
D:\rebar-dataset\training_keras_retinanet\new_data\img_49_2018-11-02_10.18.52.jpg,466,243,496,275,Intersection
D:\rebar-dataset\training_keras_retinanet\new_data\img_49_2018-11-02_10.18.52.jpg,341,179,369,209,Intersection
D:\rebar-dataset\training_keras_retinanet\new_data\img_49_2018-11-02_10.18.52.jpg,281,228,307,253,Intersection
D:\rebar-dataset\training_keras_retinanet\new_data\img_49_2018-11-02_10.18.52.jpg,377,309,412,346,Intersection
D:\rebar-dataset\training_keras_retinanet\new_data\img_49_2018-11-02_10.18.52.jpg,241,321,280,348,Intersection
D:\rebar-dataset\training_keras_retinanet\new_data\img_4_2018-11-02_10.13.28.jpg,210,130,236,159,Intersection
D:\rebar-dataset\training_keras_retinanet\new_data\img_4_2018-11-02_10.13.28.jpg,210,183,237,212,Intersection
D:\rebar-dataset\training_keras_retinanet\new_data\img_4_2018-11-02_10.13.28.jpg,206,247,239,282,Intersection
D:\rebar-dataset\training_keras_retinanet\new_data\img_4_2018-11-02_10.13.28.jpg,300,261,335,290,Intersection
D:\rebar-dataset\training_keras_retinanet\new_data\img_4_2018-11-02_10.13.28.jpg,291,192,318,221,Intersection
D:\rebar-dataset\training_keras_retinanet\new_data\img_4_2018-11-02_10.13.28.jpg,284,141,314,172,Intersection
D:\rebar-dataset\training_keras_retinanet\new_data\img_4_2018-11-02_10.13.28.jpg,346,153,378,181,Intersection
D:\rebar-dataset\training_keras_retinanet\new_data\img_4_2018-11-02_10.13.28.jpg,364,203,395,233,Intersection
D:\rebar-dataset\training_keras_retinanet\new_data\img_4_2018-11-02_10.13.28.jpg,376,266,419,298,Intersection
D:\rebar-dataset\training_keras_retinanet\new_data\img_50_2018-11-02_10.18.54.jpg,206,132,238,163,Intersection
D:\rebar-dataset\training_keras_retinanet\new_data\img_50_2018-11-02_10.18.54.jpg,216,179,246,209,Intersection
D:\rebar-dataset\training_keras_retinanet\new_data\img_50_2018-11-02_10.18.54.jpg,228,236,262,269,Intersection
D:\rebar-dataset\training_keras_retinanet\new_data\img_50_2018-11-02_10.18.54.jpg,338,220,387,256,Intersection
D:\rebar-dataset\training_keras_retinanet\new_data\img_50_2018-11-02_10.18.54.jpg,312,163,351,196,Intersection
D:\rebar-dataset\training_keras_retinanet\new_data\img_50_2018-11-02_10.18.54.jpg,292,128,323,157,Intersection
D:\rebar-dataset\training_keras_retinanet\new_data\img_50_2018-11-02_10.18.54.jpg,364,118,411,152,Intersection
D:\rebar-dataset\training_keras_retinanet\new_data\img_50_2018-11-02_10.18.54.jpg,404,160,442,196,Intersection
D:\rebar-dataset\training_keras_retinanet\new_data\img_50_2018-11-02_10.18.54.jpg,450,210,499,247,Intersection
D:\rebar-dataset\training_keras_retinanet\new_data\img_51_2018-11-02_10.18.57.jpg,247,292,274,316,Intersection
D:\rebar-dataset\training_keras_retinanet\new_data\img_51_2018-11-02_10.18.57.jpg,255,317,282,336,Intersection
D:\rebar-dataset\training_keras_retinanet\new_data\img_51_2018-11-02_10.18.57.jpg,260,344,297,379,Intersection
D:\rebar-dataset\training_keras_retinanet\new_data\img_51_2018-11-02_10.18.57.jpg,366,350,413,381,Intersection
D:\rebar-dataset\training_keras_retinanet\new_data\img_51_2018-11-02_10.18.57.jpg,342,318,380,345,Intersection
D:\rebar-dataset\training_keras_retinanet\new_data\img_51_2018-11-02_10.18.57.jpg,324,297,356,317,Intersection
D:\rebar-dataset\training_keras_retinanet\new_data\img_51_2018-11-02_10.18.57.jpg,401,302,431,325,Intersection
D:\rebar-dataset\training_keras_retinanet\new_data\img_51_2018-11-02_10.18.57.jpg,434,327,464,351,Intersection
D:\rebar-dataset\training_keras_retinanet\new_data\img_51_2018-11-02_10.18.57.jpg,478,355,522,386,Intersection
D:\rebar-dataset\training_keras_retinanet\new_data\img_52_2018-11-02_10.19.01.jpg,324,201,357,232,Intersection
D:\rebar-dataset\training_keras_retinanet\new_data\img_52_2018-11-02_10.19.01.jpg,337,174,362,203,Intersection
D:\rebar-dataset\training_keras_retinanet\new_data\img_52_2018-11-02_10.19.01.jpg,343,153,368,178,Intersection
D:\rebar-dataset\training_keras_retinanet\new_data\img_52_2018-11-02_10.19.01.jpg,411,201,435,231,Intersection
D:\rebar-dataset\training_keras_retinanet\new_data\img_52_2018-11-02_10.19.01.jpg,413,230,444,257,Intersection
D:\rebar-dataset\training_keras_retinanet\new_data\img_52_2018-11-02_10.19.01.jpg,413,261,451,301,Intersection
D:\rebar-dataset\training_keras_retinanet\new_data\img_52_2018-11-02_10.19.01.jpg,483,276,517,310,Intersection
D:\rebar-dataset\training_keras_retinanet\new_data\img_52_2018-11-02_10.19.01.jpg,474,244,500,273,Intersection
D:\rebar-dataset\training_keras_retinanet\new_data\img_52_2018-11-02_10.19.01.jpg,507,333,548,369,Intersection
D:\rebar-dataset\training_keras_retinanet\new_data\img_53_2018-11-02_10.19.06.jpg,235,347,266,383,Intersection
D:\rebar-dataset\training_keras_retinanet\new_data\img_53_2018-11-02_10.19.06.jpg,225,297,255,322,Intersection
D:\rebar-dataset\training_keras_retinanet\new_data\img_53_2018-11-02_10.19.06.jpg,218,256,247,282,Intersection
D:\rebar-dataset\training_keras_retinanet\new_data\img_53_2018-11-02_10.19.06.jpg,283,212,310,243,Intersection
D:\rebar-dataset\training_keras_retinanet\new_data\img_53_2018-11-02_10.19.06.jpg,296,249,329,280,Intersection
D:\rebar-dataset\training_keras_retinanet\new_data\img_53_2018-11-02_10.19.06.jpg,321,293,362,330,Intersection
D:\rebar-dataset\training_keras_retinanet\new_data\img_53_2018-11-02_10.19.06.jpg,406,239,450,279,Intersection
D:\rebar-dataset\training_keras_retinanet\new_data\img_53_2018-11-02_10.19.06.jpg,368,204,407,233,Intersection
D:\rebar-dataset\training_keras_retinanet\new_data\img_53_2018-11-02_10.19.06.jpg,345,177,373,201,Intersection
D:\rebar-dataset\training_keras_retinanet\new_data\img_54_2018-11-02_10.19.35.jpg,193,153,230,183,Intersection
D:\rebar-dataset\training_keras_retinanet\new_data\img_54_2018-11-02_10.19.35.jpg,267,226,316,273,Intersection
D:\rebar-dataset\training_keras_retinanet\new_data\img_54_2018-11-02_10.19.35.jpg,318,205,356,240,Intersection
D:\rebar-dataset\training_keras_retinanet\new_data\img_54_2018-11-02_10.19.35.jpg,353,200,379,227,Intersection
D:\rebar-dataset\training_keras_retinanet\new_data\img_54_2018-11-02_10.19.35.jpg,279,174,311,207,Intersection
D:\rebar-dataset\training_keras_retinanet\new_data\img_54_2018-11-02_10.19.35.jpg,376,255,410,287,Intersection
D:\rebar-dataset\training_keras_retinanet\new_data\img_54_2018-11-02_10.19.35.jpg,453,276,501,309,Intersection
D:\rebar-dataset\training_keras_retinanet\new_data\img_54_2018-11-02_10.19.35.jpg,392,228,424,258,Intersection
D:\rebar-dataset\training_keras_retinanet\new_data\img_54_2018-11-02_10.19.35.jpg,227,185,261,212,Intersection
D:\rebar-dataset\training_keras_retinanet\new_data\img_55_2018-11-02_10.19.37.jpg,228,131,265,166,Intersection
D:\rebar-dataset\training_keras_retinanet\new_data\img_55_2018-11-02_10.19.37.jpg,262,172,301,202,Intersection
D:\rebar-dataset\training_keras_retinanet\new_data\img_55_2018-11-02_10.19.37.jpg,311,226,352,261,Intersection
D:\rebar-dataset\training_keras_retinanet\new_data\img_55_2018-11-02_10.19.37.jpg,410,239,457,275,Intersection
D:\rebar-dataset\training_keras_retinanet\new_data\img_55_2018-11-02_10.19.37.jpg,353,187,388,215,Intersection
D:\rebar-dataset\training_keras_retinanet\new_data\img_55_2018-11-02_10.19.37.jpg,310,149,349,180,Intersection
D:\rebar-dataset\training_keras_retinanet\new_data\img_55_2018-11-02_10.19.37.jpg,383,163,418,196,Intersection
D:\rebar-dataset\training_keras_retinanet\new_data\img_55_2018-11-02_10.19.37.jpg,503,250,542,288,Intersection
D:\rebar-dataset\training_keras_retinanet\new_data\img_55_2018-11-02_10.19.37.jpg,429,200,465,233,Intersection
D:\rebar-dataset\training_keras_retinanet\new_data\img_56_2018-11-02_10.19.39.jpg,239,169,271,199,Intersection
D:\rebar-dataset\training_keras_retinanet\new_data\img_56_2018-11-02_10.19.39.jpg,325,270,364,300,Intersection
D:\rebar-dataset\training_keras_retinanet\new_data\img_56_2018-11-02_10.19.39.jpg,277,213,308,239,Intersection
D:\rebar-dataset\training_keras_retinanet\new_data\img_56_2018-11-02_10.19.39.jpg,361,206,403,240,Intersection
D:\rebar-dataset\training_keras_retinanet\new_data\img_56_2018-11-02_10.19.39.jpg,315,162,356,198,Intersection
D:\rebar-dataset\training_keras_retinanet\new_data\img_56_2018-11-02_10.19.39.jpg,385,159,423,196,Intersection
D:\rebar-dataset\training_keras_retinanet\new_data\img_56_2018-11-02_10.19.39.jpg,436,199,475,231,Intersection
D:\rebar-dataset\training_keras_retinanet\new_data\img_56_2018-11-02_10.19.39.jpg,494,238,543,279,Intersection
D:\rebar-dataset\training_keras_retinanet\new_data\img_56_2018-11-02_10.19.39.jpg,419,256,466,289,Intersection
D:\rebar-dataset\training_keras_retinanet\new_data\img_57_2018-11-02_10.19.42.jpg,254,90,298,134,Intersection
D:\rebar-dataset\training_keras_retinanet\new_data\img_57_2018-11-02_10.19.42.jpg,267,151,312,193,Intersection
D:\rebar-dataset\training_keras_retinanet\new_data\img_57_2018-11-02_10.19.42.jpg,282,233,335,281,Intersection
D:\rebar-dataset\training_keras_retinanet\new_data\img_57_2018-11-02_10.19.42.jpg,415,239,459,280,Intersection
D:\rebar-dataset\training_keras_retinanet\new_data\img_57_2018-11-02_10.19.42.jpg,376,160,426,200,Intersection
D:\rebar-dataset\training_keras_retinanet\new_data\img_57_2018-11-02_10.19.42.jpg,351,99,393,137,Intersection
D:\rebar-dataset\training_keras_retinanet\new_data\img_57_2018-11-02_10.19.42.jpg,438,106,477,145,Intersection
D:\rebar-dataset\training_keras_retinanet\new_data\img_57_2018-11-02_10.19.42.jpg,470,158,515,202,Intersection
D:\rebar-dataset\training_keras_retinanet\new_data\img_57_2018-11-02_10.19.42.jpg,526,242,575,283,Intersection
D:\rebar-dataset\training_keras_retinanet\new_data\img_5_2018-11-02_10.13.30.jpg,270,90,307,117,Intersection
D:\rebar-dataset\training_keras_retinanet\new_data\img_5_2018-11-02_10.13.30.jpg,285,136,313,167,Intersection
D:\rebar-dataset\training_keras_retinanet\new_data\img_5_2018-11-02_10.13.30.jpg,299,202,333,236,Intersection
D:\rebar-dataset\training_keras_retinanet\new_data\img_5_2018-11-02_10.13.30.jpg,381,198,420,226,Intersection
D:\rebar-dataset\training_keras_retinanet\new_data\img_5_2018-11-02_10.13.30.jpg,364,132,394,159,Intersection
D:\rebar-dataset\training_keras_retinanet\new_data\img_5_2018-11-02_10.13.30.jpg,346,81,378,110,Intersection
D:\rebar-dataset\training_keras_retinanet\new_data\img_5_2018-11-02_10.13.30.jpg,410,71,448,102,Intersection
D:\rebar-dataset\training_keras_retinanet\new_data\img_5_2018-11-02_10.13.30.jpg,439,123,472,151,Intersection
D:\rebar-dataset\training_keras_retinanet\new_data\img_5_2018-11-02_10.13.30.jpg,461,182,501,217,Intersection
D:\rebar-dataset\training_keras_retinanet\new_data\img_6_2018-11-02_10.13.33.jpg,201,260,239,298,Intersection
D:\rebar-dataset\training_keras_retinanet\new_data\img_6_2018-11-02_10.13.33.jpg,217,182,258,219,Intersection
D:\rebar-dataset\training_keras_retinanet\new_data\img_6_2018-11-02_10.13.33.jpg,232,124,270,162,Intersection
D:\rebar-dataset\training_keras_retinanet\new_data\img_6_2018-11-02_10.13.33.jpg,282,170,312,208,Intersection
D:\rebar-dataset\training_keras_retinanet\new_data\img_6_2018-11-02_10.13.33.jpg,276,233,308,266,Intersection
D:\rebar-dataset\training_keras_retinanet\new_data\img_6_2018-11-02_10.13.33.jpg,265,303,298,339,Intersection
D:\rebar-dataset\training_keras_retinanet\new_data\img_6_2018-11-02_10.13.33.jpg,315,338,346,377,Intersection
D:\rebar-dataset\training_keras_retinanet\new_data\img_6_2018-11-02_10.13.33.jpg,320,269,351,309,Intersection
D:\rebar-dataset\training_keras_retinanet\new_data\img_6_2018-11-02_10.13.33.jpg,326,212,352,245,Intersection
D:\rebar-dataset\training_keras_retinanet\new_data\img_7_2018-11-02_10.13.36.jpg,207,247,245,290,Intersection
D:\rebar-dataset\training_keras_retinanet\new_data\img_7_2018-11-02_10.13.36.jpg,330,221,351,244,Intersection
D:\rebar-dataset\training_keras_retinanet\new_data\img_7_2018-11-02_10.13.36.jpg,280,231,313,258,Intersection
D:\rebar-dataset\training_keras_retinanet\new_data\img_7_2018-11-02_10.13.36.jpg,252,305,279,335,Intersection
D:\rebar-dataset\training_keras_retinanet\new_data\img_7_2018-11-02_10.13.36.jpg,184,340,214,364,Intersection
D:\rebar-dataset\training_keras_retinanet\new_data\img_7_2018-11-02_10.13.36.jpg,304,284,328,301,Intersection
D:\rebar-dataset\training_keras_retinanet\new_data\img_7_2018-11-02_10.13.36.jpg,223,371,251,396,Intersection
D:\rebar-dataset\training_keras_retinanet\new_data\img_7_2018-11-02_10.13.36.jpg,275,338,298,363,Intersection
D:\rebar-dataset\training_keras_retinanet\new_data\img_7_2018-11-02_10.13.36.jpg,156,410,188,439,Intersection
D:\rebar-dataset\training_keras_retinanet\new_data\img_8_2018-11-02_10.13.38.jpg,236,137,269,176,Intersection
D:\rebar-dataset\training_keras_retinanet\new_data\img_8_2018-11-02_10.13.38.jpg,206,225,233,258,Intersection
D:\rebar-dataset\training_keras_retinanet\new_data\img_8_2018-11-02_10.13.38.jpg,181,293,207,320,Intersection
D:\rebar-dataset\training_keras_retinanet\new_data\img_8_2018-11-02_10.13.38.jpg,242,255,267,286,Intersection
D:\rebar-dataset\training_keras_retinanet\new_data\img_8_2018-11-02_10.13.38.jpg,270,196,297,227,Intersection
D:\rebar-dataset\training_keras_retinanet\new_data\img_8_2018-11-02_10.13.38.jpg,301,122,335,153,Intersection
D:\rebar-dataset\training_keras_retinanet\new_data\img_8_2018-11-02_10.13.38.jpg,352,106,377,138,Intersection
D:\rebar-dataset\training_keras_retinanet\new_data\img_8_2018-11-02_10.13.38.jpg,314,177,345,206,Intersection
D:\rebar-dataset\training_keras_retinanet\new_data\img_8_2018-11-02_10.13.38.jpg,289,232,312,263,Intersection
D:\rebar-dataset\training_keras_retinanet\new_data\img_9_2018-11-02_10.13.42.jpg,264,287,312,324,Intersection
D:\rebar-dataset\training_keras_retinanet\new_data\img_9_2018-11-02_10.13.42.jpg,238,244,270,272,Intersection
D:\rebar-dataset\training_keras_retinanet\new_data\img_9_2018-11-02_10.13.42.jpg,204,215,242,242,Intersection
D:\rebar-dataset\training_keras_retinanet\new_data\img_9_2018-11-02_10.13.42.jpg,264,174,306,200,Intersection
D:\rebar-dataset\training_keras_retinanet\new_data\img_9_2018-11-02_10.13.42.jpg,309,194,343,228,Intersection
D:\rebar-dataset\training_keras_retinanet\new_data\img_9_2018-11-02_10.13.42.jpg,358,226,400,269,Intersection
D:\rebar-dataset\training_keras_retinanet\new_data\img_9_2018-11-02_10.13.42.jpg,435,173,477,213,Intersection
D:\rebar-dataset\training_keras_retinanet\new_data\img_9_2018-11-02_10.13.42.jpg,371,150,415,186,Intersection
D:\rebar-dataset\training_keras_retinanet\new_data\img_9_2018-11-02_10.13.42.jpg,325,131,363,161,Intersection
D:\rebar-dataset\training_keras_retinanet\new_data\img_101_2018-11-04_17.53.47.jpg,69,193,128,252,Intersection
D:\rebar-dataset\training_keras_retinanet\new_data\img_101_2018-11-04_17.53.47.jpg,213,213,254,259,Intersection
D:\rebar-dataset\training_keras_retinanet\new_data\img_101_2018-11-04_17.53.47.jpg,356,217,403,269,Intersection
D:\rebar-dataset\training_keras_retinanet\new_data\img_101_2018-11-04_17.53.47.jpg,352,355,390,403,Intersection
D:\rebar-dataset\training_keras_retinanet\new_data\img_101_2018-11-04_17.53.47.jpg,203,342,255,390,Intersection
D:\rebar-dataset\training_keras_retinanet\new_data\img_101_2018-11-04_17.53.47.jpg,72,337,127,391,Intersection
D:\rebar-dataset\training_keras_retinanet\new_data\img_102_2018-11-04_17.53.49.jpg,217,402,262,448,Intersection
D:\rebar-dataset\training_keras_retinanet\new_data\img_102_2018-11-04_17.53.49.jpg,102,384,153,430,Intersection
D:\rebar-dataset\training_keras_retinanet\new_data\img_102_2018-11-04_17.53.49.jpg,225,283,267,328,Intersection
D:\rebar-dataset\training_keras_retinanet\new_data\img_102_2018-11-04_17.53.49.jpg,377,155,417,208,Intersection
D:\rebar-dataset\training_keras_retinanet\new_data\img_102_2018-11-04_17.53.49.jpg,94,132,152,179,Intersection
D:\rebar-dataset\training_keras_retinanet\new_data\img_102_2018-11-04_17.53.49.jpg,97,255,144,305,Intersection
D:\rebar-dataset\training_keras_retinanet\new_data\img_102_2018-11-04_17.53.49.jpg,226,143,275,193,Intersection
D:\rebar-dataset\training_keras_retinanet\new_data\img_102_2018-11-04_17.53.49.jpg,365,297,406,348,Intersection
D:\rebar-dataset\training_keras_retinanet\new_data\img_102_2018-11-04_17.53.49.jpg,347,422,388,466,Intersection
D:\rebar-dataset\training_keras_retinanet\new_data\img_103_2018-11-04_17.53.50.jpg,88,158,130,212,Intersection
D:\rebar-dataset\training_keras_retinanet\new_data\img_103_2018-11-04_17.53.50.jpg,362,172,395,210,Intersection
D:\rebar-dataset\training_keras_retinanet\new_data\img_103_2018-11-04_17.53.50.jpg,221,169,265,222,Intersection
D:\rebar-dataset\training_keras_retinanet\new_data\img_103_2018-11-04_17.53.50.jpg,89,290,132,335,Intersection
D:\rebar-dataset\training_keras_retinanet\new_data\img_103_2018-11-04_17.53.50.jpg,219,298,264,341,Intersection
D:\rebar-dataset\training_keras_retinanet\new_data\img_103_2018-11-04_17.53.50.jpg,360,302,399,345,Intersection
D:\rebar-dataset\training_keras_retinanet\new_data\img_103_2018-11-04_17.53.50.jpg,353,443,393,476,Intersection
D:\rebar-dataset\training_keras_retinanet\new_data\img_103_2018-11-04_17.53.50.jpg,221,432,259,466,Intersection
D:\rebar-dataset\training_keras_retinanet\new_data\img_103_2018-11-04_17.53.50.jpg,94,425,143,467,Intersection
D:\rebar-dataset\training_keras_retinanet\new_data\img_104_2018-11-04_17.53.51.jpg,151,145,196,185,Intersection
D:\rebar-dataset\training_keras_retinanet\new_data\img_104_2018-11-04_17.53.51.jpg,435,157,467,197,Intersection
D:\rebar-dataset\training_keras_retinanet\new_data\img_104_2018-11-04_17.53.51.jpg,285,154,320,187,Intersection
D:\rebar-dataset\training_keras_retinanet\new_data\img_104_2018-11-04_17.53.51.jpg,284,283,322,324,Intersection
D:\rebar-dataset\training_keras_retinanet\new_data\img_104_2018-11-04_17.53.51.jpg,424,292,463,333,Intersection
D:\rebar-dataset\training_keras_retinanet\new_data\img_104_2018-11-04_17.53.51.jpg,402,421,459,469,Intersection
D:\rebar-dataset\training_keras_retinanet\new_data\img_104_2018-11-04_17.53.51.jpg,274,414,315,452,Intersection
D:\rebar-dataset\training_keras_retinanet\new_data\img_104_2018-11-04_17.53.51.jpg,154,408,196,444,Intersection
D:\rebar-dataset\training_keras_retinanet\new_data\img_104_2018-11-04_17.53.51.jpg,156,274,197,322,Intersection
D:\rebar-dataset\training_keras_retinanet\new_data\img_105_2018-11-04_17.53.52.jpg,161,121,219,177,Intersection
D:\rebar-dataset\training_keras_retinanet\new_data\img_105_2018-11-04_17.53.52.jpg,307,128,357,181,Intersection
D:\rebar-dataset\training_keras_retinanet\new_data\img_105_2018-11-04_17.53.52.jpg,457,129,517,185,Intersection
D:\rebar-dataset\training_keras_retinanet\new_data\img_105_2018-11-04_17.53.52.jpg,458,285,508,336,Intersection
D:\rebar-dataset\training_keras_retinanet\new_data\img_105_2018-11-04_17.53.52.jpg,306,277,356,322,Intersection
D:\rebar-dataset\training_keras_retinanet\new_data\img_105_2018-11-04_17.53.52.jpg,161,270,217,319,Intersection
D:\rebar-dataset\training_keras_retinanet\new_data\img_105_2018-11-04_17.53.52.jpg,169,413,212,455,Intersection
D:\rebar-dataset\training_keras_retinanet\new_data\img_105_2018-11-04_17.53.52.jpg,306,423,342,463,Intersection
D:\rebar-dataset\training_keras_retinanet\new_data\img_105_2018-11-04_17.53.52.jpg,451,435,496,477,Intersection
D:\rebar-dataset\training_keras_retinanet\new_data\img_106_2018-11-04_17.53.53.jpg,206,130,260,180,Intersection
D:\rebar-dataset\training_keras_retinanet\new_data\img_106_2018-11-04_17.53.53.jpg,203,281,256,344,Intersection
D:\rebar-dataset\training_keras_retinanet\new_data\img_106_2018-11-04_17.53.53.jpg,379,145,416,189,Intersection
D:\rebar-dataset\training_keras_retinanet\new_data\img_106_2018-11-04_17.53.53.jpg,363,306,405,343,Intersection
D:\rebar-dataset\training_keras_retinanet\new_data\img_106_2018-11-04_17.53.53.jpg,548,137,602,194,Intersection
D:\rebar-dataset\training_keras_retinanet\new_data\img_106_2018-11-04_17.53.53.jpg,533,314,588,364,Intersection
D:\rebar-dataset\training_keras_retinanet\new_data\img_107_2018-11-04_17.53.54.jpg,234,168,295,218,Intersection
D:\rebar-dataset\training_keras_retinanet\new_data\img_107_2018-11-04_17.53.54.jpg,231,344,281,391,Intersection
D:\rebar-dataset\training_keras_retinanet\new_data\img_107_2018-11-04_17.53.54.jpg,598,186,637,235,Intersection
D:\rebar-dataset\training_keras_retinanet\new_data\img_107_2018-11-04_17.53.54.jpg,412,354,464,406,Intersection
D:\rebar-dataset\training_keras_retinanet\new_data\img_107_2018-11-04_17.53.54.jpg,587,370,637,418,Intersection
D:\rebar-dataset\training_keras_retinanet\new_data\img_107_2018-11-04_17.53.54.jpg,422,188,472,233,Intersection
D:\rebar-dataset\training_keras_retinanet\new_data\img_108_2018-11-04_17.53.54.jpg,238,234,304,294,Intersection
D:\rebar-dataset\training_keras_retinanet\new_data\img_108_2018-11-04_17.53.54.jpg,442,252,509,307,Intersection
D:\rebar-dataset\training_keras_retinanet\new_data\img_109_2018-11-04_17.53.56.jpg,78,293,155,366,Intersection
D:\rebar-dataset\training_keras_retinanet\new_data\img_109_2018-11-04_17.53.56.jpg,343,308,411,378,Intersection
D:\rebar-dataset\training_keras_retinanet\new_data\img_109_2018-11-04_17.53.56.jpg,540,319,607,386,Intersection
D:\rebar-dataset\training_keras_retinanet\new_data\img_58_2018-11-04_17.48.39.jpg,14,421,75,477,Intersection
D:\rebar-dataset\training_keras_retinanet\new_data\img_58_2018-11-04_17.48.39.jpg,15,183,83,251,Intersection
D:\rebar-dataset\training_keras_retinanet\new_data\img_58_2018-11-04_17.48.39.jpg,191,182,282,261,Intersection
D:\rebar-dataset\training_keras_retinanet\new_data\img_59_2018-11-04_17.48.41.jpg,15,178,145,289,Intersection
D:\rebar-dataset\training_keras_retinanet\new_data\img_59_2018-11-04_17.48.41.jpg,478,164,595,286,Intersection
D:\rebar-dataset\training_keras_retinanet\new_data\img_60_2018-11-04_17.48.47.jpg,57,85,118,145,Intersection
D:\rebar-dataset\training_keras_retinanet\new_data\img_60_2018-11-04_17.48.47.jpg,272,73,336,144,Intersection
D:\rebar-dataset\training_keras_retinanet\new_data\img_60_2018-11-04_17.48.47.jpg,472,80,549,151,Intersection
D:\rebar-dataset\training_keras_retinanet\new_data\img_60_2018-11-04_17.48.47.jpg,460,267,521,324,Intersection
D:\rebar-dataset\training_keras_retinanet\new_data\img_60_2018-11-04_17.48.47.jpg,268,264,346,333,Intersection
D:\rebar-dataset\training_keras_retinanet\new_data\img_60_2018-11-04_17.48.47.jpg,79,282,158,353,Intersection
D:\rebar-dataset\training_keras_retinanet\new_data\img_60_2018-11-04_17.48.47.jpg,121,432,185,478,Intersection
D:\rebar-dataset\training_keras_retinanet\new_data\img_60_2018-11-04_17.48.47.jpg,286,434,343,481,Intersection
D:\rebar-dataset\training_keras_retinanet\new_data\img_60_2018-11-04_17.48.47.jpg,438,413,508,478,Intersection
D:\rebar-dataset\training_keras_retinanet\new_data\img_61_2018-11-04_17.48.51.jpg,113,68,167,119,Intersection
D:\rebar-dataset\training_keras_retinanet\new_data\img_61_2018-11-04_17.48.51.jpg,334,83,394,135,Intersection
D:\rebar-dataset\training_keras_retinanet\new_data\img_61_2018-11-04_17.48.51.jpg,536,78,604,142,Intersection
D:\rebar-dataset\training_keras_retinanet\new_data\img_61_2018-11-04_17.48.51.jpg,560,304,632,366,Intersection
D:\rebar-dataset\training_keras_retinanet\new_data\img_61_2018-11-04_17.48.51.jpg,338,303,402,359,Intersection
D:\rebar-dataset\training_keras_retinanet\new_data\img_61_2018-11-04_17.48.51.jpg,87,302,154,367,Intersection
D:\rebar-dataset\training_keras_retinanet\new_data\img_62_2018-11-04_17.48.53.jpg,328,202,412,278,Intersection
D:\rebar-dataset\training_keras_retinanet\new_data\img_62_2018-11-04_17.48.53.jpg,345,10,415,75,Intersection
D:\rebar-dataset\training_keras_retinanet\new_data\img_62_2018-11-04_17.48.53.jpg,146,1,217,48,Intersection
D:\rebar-dataset\training_keras_retinanet\new_data\img_62_2018-11-04_17.48.53.jpg,138,209,206,277,Intersection
D:\rebar-dataset\training_keras_retinanet\new_data\img_63_2018-11-04_17.48.55.jpg,231,259,322,317,Intersection
D:\rebar-dataset\training_keras_retinanet\new_data\img_63_2018-11-04_17.48.55.jpg,0,241,83,317,Intersection
D:\rebar-dataset\training_keras_retinanet\new_data\img_64_2018-11-04_17.48.59.jpg,261,349,351,434,Intersection
D:\rebar-dataset\training_keras_retinanet\new_data\img_65_2018-11-04_17.49.17.jpg,88,191,148,248,Intersection
D:\rebar-dataset\training_keras_retinanet\new_data\img_65_2018-11-04_17.49.17.jpg,295,205,351,253,Intersection
D:\rebar-dataset\training_keras_retinanet\new_data\img_65_2018-11-04_17.49.17.jpg,470,215,516,263,Intersection
D:\rebar-dataset\training_keras_retinanet\new_data\img_65_2018-11-04_17.49.17.jpg,459,56,502,98,Intersection
D:\rebar-dataset\training_keras_retinanet\new_data\img_65_2018-11-04_17.49.17.jpg,295,34,351,83,Intersection
D:\rebar-dataset\training_keras_retinanet\new_data\img_65_2018-11-04_17.49.17.jpg,105,8,165,59,Intersection
D:\rebar-dataset\training_keras_retinanet\new_data\img_66_2018-11-04_17.49.23.jpg,175,100,241,160,Intersection
D:\rebar-dataset\training_keras_retinanet\new_data\img_66_2018-11-04_17.49.23.jpg,317,106,376,151,Intersection
D:\rebar-dataset\training_keras_retinanet\new_data\img_66_2018-11-04_17.49.23.jpg,431,107,484,161,Intersection
D:\rebar-dataset\training_keras_retinanet\new_data\img_66_2018-11-04_17.49.23.jpg,331,239,383,280,Intersection
D:\rebar-dataset\training_keras_retinanet\new_data\img_66_2018-11-04_17.49.23.jpg,194,253,249,288,Intersection
D:\rebar-dataset\training_keras_retinanet\new_data\img_66_2018-11-04_17.49.23.jpg,438,229,486,268,Intersection
D:\rebar-dataset\training_keras_retinanet\new_data\img_66_2018-11-04_17.49.23.jpg,436,341,479,387,Intersection
D:\rebar-dataset\training_keras_retinanet\new_data\img_66_2018-11-04_17.49.23.jpg,204,388,248,429,Intersection
D:\rebar-dataset\training_keras_retinanet\new_data\img_66_2018-11-04_17.49.23.jpg,338,366,371,402,Intersection
D:\rebar-dataset\training_keras_retinanet\new_data\img_67_2018-11-04_17.49.53.jpg,47,110,106,165,Intersection
D:\rebar-dataset\training_keras_retinanet\new_data\img_67_2018-11-04_17.49.53.jpg,169,88,221,135,Intersection
D:\rebar-dataset\training_keras_retinanet\new_data\img_67_2018-11-04_17.49.53.jpg,334,65,395,121,Intersection
D:\rebar-dataset\training_keras_retinanet\new_data\img_67_2018-11-04_17.49.53.jpg,343,249,402,300,Intersection
D:\rebar-dataset\training_keras_retinanet\new_data\img_67_2018-11-04_17.49.53.jpg,178,255,241,302,Intersection
D:\rebar-dataset\training_keras_retinanet\new_data\img_67_2018-11-04_17.49.53.jpg,51,260,107,303,Intersection
D:\rebar-dataset\training_keras_retinanet\new_data\img_67_2018-11-04_17.49.53.jpg,48,412,102,467,Intersection
D:\rebar-dataset\training_keras_retinanet\new_data\img_67_2018-11-04_17.49.53.jpg,171,441,226,480,Intersection
D:\rebar-dataset\training_keras_retinanet\new_data\img_68_2018-11-04_17.49.55.jpg,75,23,143,83,Intersection
D:\rebar-dataset\training_keras_retinanet\new_data\img_68_2018-11-04_17.49.55.jpg,215,16,274,70,Intersection
D:\rebar-dataset\training_keras_retinanet\new_data\img_68_2018-11-04_17.49.55.jpg,396,4,453,51,Intersection
D:\rebar-dataset\training_keras_retinanet\new_data\img_68_2018-11-04_17.49.55.jpg,388,168,443,224,Intersection
D:\rebar-dataset\training_keras_retinanet\new_data\img_68_2018-11-04_17.49.55.jpg,216,181,268,227,Intersection
D:\rebar-dataset\training_keras_retinanet\new_data\img_68_2018-11-04_17.49.55.jpg,77,185,129,233,Intersection
D:\rebar-dataset\training_keras_retinanet\new_data\img_68_2018-11-04_17.49.55.jpg,80,347,120,389,Intersection
D:\rebar-dataset\training_keras_retinanet\new_data\img_68_2018-11-04_17.49.55.jpg,218,356,277,405,Intersection
D:\rebar-dataset\training_keras_retinanet\new_data\img_68_2018-11-04_17.49.55.jpg,386,352,452,419,Intersection
D:\rebar-dataset\training_keras_retinanet\new_data\img_69_2018-11-04_17.49.57.jpg,128,151,175,193,Intersection
D:\rebar-dataset\training_keras_retinanet\new_data\img_69_2018-11-04_17.49.57.jpg,106,289,164,343,Intersection
D:\rebar-dataset\training_keras_retinanet\new_data\img_69_2018-11-04_17.49.57.jpg,241,294,299,341,Intersection
D:\rebar-dataset\training_keras_retinanet\new_data\img_69_2018-11-04_17.49.57.jpg,258,140,307,190,Intersection
D:\rebar-dataset\training_keras_retinanet\new_data\img_69_2018-11-04_17.49.57.jpg,425,299,483,348,Intersection
D:\rebar-dataset\training_keras_retinanet\new_data\img_69_2018-11-04_17.49.57.jpg,418,116,485,180,Intersection
D:\rebar-dataset\training_keras_retinanet\new_data\img_70_2018-11-04_17.49.59.jpg,111,216,179,269,Intersection
D:\rebar-dataset\training_keras_retinanet\new_data\img_70_2018-11-04_17.49.59.jpg,248,241,299,290,Intersection
D:\rebar-dataset\training_keras_retinanet\new_data\img_70_2018-11-04_17.49.59.jpg,415,250,468,302,Intersection
D:\rebar-dataset\training_keras_retinanet\new_data\img_70_2018-11-04_17.49.59.jpg,433,60,481,112,Intersection
D:\rebar-dataset\training_keras_retinanet\new_data\img_70_2018-11-04_17.49.59.jpg,252,68,306,116,Intersection
D:\rebar-dataset\training_keras_retinanet\new_data\img_70_2018-11-04_17.49.59.jpg,107,80,166,122,Intersection
D:\rebar-dataset\training_keras_retinanet\new_data\img_71_2018-11-04_17.50.00.jpg,241,31,301,90,Intersection
D:\rebar-dataset\training_keras_retinanet\new_data\img_71_2018-11-04_17.50.00.jpg,369,15,423,61,Intersection
D:\rebar-dataset\training_keras_retinanet\new_data\img_71_2018-11-04_17.50.00.jpg,377,167,427,217,Intersection
D:\rebar-dataset\training_keras_retinanet\new_data\img_71_2018-11-04_17.50.00.jpg,242,183,289,224,Intersection
D:\rebar-dataset\training_keras_retinanet\new_data\img_71_2018-11-04_17.50.00.jpg,242,325,296,379,Intersection
D:\rebar-dataset\training_keras_retinanet\new_data\img_71_2018-11-04_17.50.00.jpg,558,163,624,211,Intersection
D:\rebar-dataset\training_keras_retinanet\new_data\img_71_2018-11-04_17.50.00.jpg,563,353,617,412,Intersection
D:\rebar-dataset\training_keras_retinanet\new_data\img_71_2018-11-04_17.50.00.jpg,368,345,427,400,Intersection
D:\rebar-dataset\training_keras_retinanet\new_data\img_72_2018-11-04_17.50.02.jpg,103,129,158,190,Intersection
D:\rebar-dataset\training_keras_retinanet\new_data\img_72_2018-11-04_17.50.02.jpg,92,307,142,370,Intersection
D:\rebar-dataset\training_keras_retinanet\new_data\img_72_2018-11-04_17.50.02.jpg,285,139,351,202,Intersection
D:\rebar-dataset\training_keras_retinanet\new_data\img_72_2018-11-04_17.50.02.jpg,269,322,324,377,Intersection
D:\rebar-dataset\training_keras_retinanet\new_data\img_73_2018-11-04_17.50.07.jpg,0,308,67,384,Intersection
D:\rebar-dataset\training_keras_retinanet\new_data\img_73_2018-11-04_17.50.07.jpg,239,322,315,390,Intersection
D:\rebar-dataset\training_keras_retinanet\new_data\img_73_2018-11-04_17.50.07.jpg,220,33,308,116,Intersection
D:\rebar-dataset\training_keras_retinanet\new_data\img_74_2018-11-04_17.50.10.jpg,129,106,187,162,Intersection
D:\rebar-dataset\training_keras_retinanet\new_data\img_74_2018-11-04_17.50.10.jpg,278,93,339,152,Intersection
D:\rebar-dataset\training_keras_retinanet\new_data\img_74_2018-11-04_17.50.10.jpg,558,57,631,121,Intersection
D:\rebar-dataset\training_keras_retinanet\new_data\img_74_2018-11-04_17.50.10.jpg,140,306,200,359,Intersection
D:\rebar-dataset\training_keras_retinanet\new_data\img_74_2018-11-04_17.50.10.jpg,283,327,350,395,Intersection
D:\rebar-dataset\training_keras_retinanet\new_data\img_74_2018-11-04_17.50.10.jpg,537,364,613,445,Intersection
D:\rebar-dataset\training_keras_retinanet\new_data\img_75_2018-11-04_17.50.18.jpg,155,194,226,257,Intersection
D:\rebar-dataset\training_keras_retinanet\new_data\img_75_2018-11-04_17.50.18.jpg,139,411,207,471,Intersection
D:\rebar-dataset\training_keras_retinanet\new_data\img_76_2018-11-04_17.50.19.jpg,147,236,215,297,Intersection
D:\rebar-dataset\training_keras_retinanet\new_data\img_76_2018-11-04_17.50.19.jpg,148,402,206,455,Intersection
D:\rebar-dataset\training_keras_retinanet\new_data\img_76_2018-11-04_17.50.19.jpg,294,385,357,445,Intersection
D:\rebar-dataset\training_keras_retinanet\new_data\img_76_2018-11-04_17.50.19.jpg,289,209,343,264,Intersection
D:\rebar-dataset\training_keras_retinanet\new_data\img_76_2018-11-04_17.50.19.jpg,464,160,534,224,Intersection
D:\rebar-dataset\training_keras_retinanet\new_data\img_76_2018-11-04_17.50.19.jpg,504,370,578,433,Intersection
D:\rebar-dataset\training_keras_retinanet\new_data\img_77_2018-11-04_17.50.21.jpg,240,91,296,146,Intersection
D:\rebar-dataset\training_keras_retinanet\new_data\img_77_2018-11-04_17.50.21.jpg,376,86,431,132,Intersection
D:\rebar-dataset\training_keras_retinanet\new_data\img_77_2018-11-04_17.50.21.jpg,241,244,295,293,Intersection
D:\rebar-dataset\training_keras_retinanet\new_data\img_77_2018-11-04_17.50.21.jpg,574,292,626,348,Intersection
D:\rebar-dataset\training_keras_retinanet\new_data\img_77_2018-11-04_17.50.21.jpg,590,65,639,117,Intersection
D:\rebar-dataset\training_keras_retinanet\new_data\img_77_2018-11-04_17.50.21.jpg,369,258,424,308,Intersection
D:\rebar-dataset\training_keras_retinanet\new_data\img_110_2018-11-04_17.53.57.jpg,208,323,273,385,Intersection
D:\rebar-dataset\training_keras_retinanet\new_data\img_110_2018-11-04_17.53.57.jpg,447,323,520,398,Intersection
D:\rebar-dataset\training_keras_retinanet\new_data\img_111_2018-11-04_17.53.58.jpg,295,295,366,360,Intersection
D:\rebar-dataset\training_keras_retinanet\new_data\img_112_2018-11-04_17.53.59.jpg,249,182,354,269,Intersection
D:\rebar-dataset\training_keras_retinanet\new_data\img_113_2018-11-04_17.54.00.jpg,236,396,306,454,Intersection
D:\rebar-dataset\training_keras_retinanet\new_data\img_113_2018-11-04_17.54.00.jpg,2,121,56,182,Intersection
D:\rebar-dataset\training_keras_retinanet\new_data\img_113_2018-11-04_17.54.00.jpg,261,146,333,211,Intersection
D:\rebar-dataset\training_keras_retinanet\new_data\img_114_2018-11-04_17.54.01.jpg,31,250,87,309,Intersection
D:\rebar-dataset\training_keras_retinanet\new_data\img_114_2018-11-04_17.54.01.jpg,289,69,369,142,Intersection
D:\rebar-dataset\training_keras_retinanet\new_data\img_114_2018-11-04_17.54.01.jpg,257,284,324,357,Intersection
D:\rebar-dataset\training_keras_retinanet\new_data\img_114_2018-11-04_17.54.01.jpg,68,30,122,83,Intersection
D:\rebar-dataset\training_keras_retinanet\new_data\img_115_2018-11-04_17.54.02.jpg,94,194,157,264,Intersection
D:\rebar-dataset\training_keras_retinanet\new_data\img_115_2018-11-04_17.54.02.jpg,132,10,178,55,Intersection
D:\rebar-dataset\training_keras_retinanet\new_data\img_115_2018-11-04_17.54.02.jpg,338,39,394,94,Intersection
D:\rebar-dataset\training_keras_retinanet\new_data\img_115_2018-11-04_17.54.02.jpg,296,242,353,299,Intersection
D:\rebar-dataset\training_keras_retinanet\new_data\img_115_2018-11-04_17.54.02.jpg,60,414,111,462,Intersection
D:\rebar-dataset\training_keras_retinanet\new_data\img_115_2018-11-04_17.54.02.jpg,265,456,316,480,Intersection
D:\rebar-dataset\training_keras_retinanet\new_data\img_116_2018-11-04_17.54.03.jpg,96,65,156,129,Intersection
D:\rebar-dataset\training_keras_retinanet\new_data\img_116_2018-11-04_17.54.03.jpg,309,93,363,152,Intersection
D:\rebar-dataset\training_keras_retinanet\new_data\img_116_2018-11-04_17.54.03.jpg,282,300,336,355,Intersection
D:\rebar-dataset\training_keras_retinanet\new_data\img_116_2018-11-04_17.54.03.jpg,81,285,132,326,Intersection
D:\rebar-dataset\training_keras_retinanet\new_data\img_117_2018-11-04_17.54.04.jpg,28,172,84,223,Intersection
D:\rebar-dataset\training_keras_retinanet\new_data\img_117_2018-11-04_17.54.04.jpg,67,0,112,38,Intersection
D:\rebar-dataset\training_keras_retinanet\new_data\img_117_2018-11-04_17.54.04.jpg,233,7,274,54,Intersection
D:\rebar-dataset\training_keras_retinanet\new_data\img_117_2018-11-04_17.54.04.jpg,199,202,243,243,Intersection
D:\rebar-dataset\training_keras_retinanet\new_data\img_117_2018-11-04_17.54.04.jpg,398,235,443,280,Intersection
D:\rebar-dataset\training_keras_retinanet\new_data\img_117_2018-11-04_17.54.04.jpg,431,33,481,81,Intersection
D:\rebar-dataset\training_keras_retinanet\new_data\img_118_2018-11-04_17.54.05.jpg,43,47,105,102,Intersection
D:\rebar-dataset\training_keras_retinanet\new_data\img_118_2018-11-04_17.54.05.jpg,11,267,64,314,Intersection
D:\rebar-dataset\training_keras_retinanet\new_data\img_118_2018-11-04_17.54.05.jpg,247,80,307,135,Intersection
D:\rebar-dataset\training_keras_retinanet\new_data\img_118_2018-11-04_17.54.05.jpg,213,298,260,340,Intersection
D:\rebar-dataset\training_keras_retinanet\new_data\img_118_2018-11-04_17.54.05.jpg,420,333,490,386,Intersection
D:\rebar-dataset\training_keras_retinanet\new_data\img_118_2018-11-04_17.54.05.jpg,472,113,516,160,Intersection
D:\rebar-dataset\training_keras_retinanet\new_data\img_119_2018-11-04_17.54.06.jpg,70,149,149,203,Intersection
D:\rebar-dataset\training_keras_retinanet\new_data\img_119_2018-11-04_17.54.06.jpg,318,153,380,228,Intersection
D:\rebar-dataset\training_keras_retinanet\new_data\img_119_2018-11-04_17.54.06.jpg,24,393,98,459,Intersection
D:\rebar-dataset\training_keras_retinanet\new_data\img_120_2018-11-04_17.54.07.jpg,165,0,232,51,Intersection
D:\rebar-dataset\training_keras_retinanet\new_data\img_120_2018-11-04_17.54.07.jpg,398,1,466,45,Intersection
D:\rebar-dataset\training_keras_retinanet\new_data\img_120_2018-11-04_17.54.07.jpg,380,213,451,299,Intersection
D:\rebar-dataset\training_keras_retinanet\new_data\img_120_2018-11-04_17.54.07.jpg,124,196,200,279,Intersection
D:\rebar-dataset\training_keras_retinanet\new_data\img_121_2018-11-04_17.54.08.jpg,247,70,312,132,Intersection
D:\rebar-dataset\training_keras_retinanet\new_data\img_121_2018-11-04_17.54.08.jpg,458,80,514,137,Intersection
D:\rebar-dataset\training_keras_retinanet\new_data\img_121_2018-11-04_17.54.08.jpg,450,298,502,351,Intersection
D:\rebar-dataset\training_keras_retinanet\new_data\img_121_2018-11-04_17.54.08.jpg,232,275,288,337,Intersection
D:\rebar-dataset\training_keras_retinanet\new_data\img_122_2018-11-04_17.54.09.jpg,211,101,262,157,Intersection
D:\rebar-dataset\training_keras_retinanet\new_data\img_122_2018-11-04_17.54.09.jpg,580,312,629,354,Intersection
D:\rebar-dataset\training_keras_retinanet\new_data\img_122_2018-11-04_17.54.09.jpg,569,111,637,188,Intersection
D:\rebar-dataset\training_keras_retinanet\new_data\img_122_2018-11-04_17.54.09.jpg,382,112,443,168,Intersection
D:\rebar-dataset\training_keras_retinanet\new_data\img_122_2018-11-04_17.54.09.jpg,376,287,433,344,Intersection
D:\rebar-dataset\training_keras_retinanet\new_data\img_122_2018-11-04_17.54.09.jpg,192,278,248,333,Intersection
D:\rebar-dataset\training_keras_retinanet\new_data\img_123_2018-11-04_17.54.11.jpg,133,258,191,314,Intersection
D:\rebar-dataset\training_keras_retinanet\new_data\img_123_2018-11-04_17.54.11.jpg,296,288,344,334,Intersection
D:\rebar-dataset\training_keras_retinanet\new_data\img_123_2018-11-04_17.54.11.jpg,454,311,509,360,Intersection
D:\rebar-dataset\training_keras_retinanet\new_data\img_123_2018-11-04_17.54.11.jpg,488,151,534,200,Intersection
D:\rebar-dataset\training_keras_retinanet\new_data\img_123_2018-11-04_17.54.11.jpg,327,124,373,178,Intersection
D:\rebar-dataset\training_keras_retinanet\new_data\img_123_2018-11-04_17.54.11.jpg,163,100,219,151,Intersection
D:\rebar-dataset\training_keras_retinanet\new_data\img_123_2018-11-04_17.54.11.jpg,507,2,552,44,Intersection
D:\rebar-dataset\training_keras_retinanet\new_data\img_124_2018-11-04_17.54.12.jpg,112,20,154,65,Intersection
D:\rebar-dataset\training_keras_retinanet\new_data\img_124_2018-11-04_17.54.12.jpg,258,38,301,79,Intersection
D:\rebar-dataset\training_keras_retinanet\new_data\img_124_2018-11-04_17.54.12.jpg,407,51,452,97,Intersection
D:\rebar-dataset\training_keras_retinanet\new_data\img_124_2018-11-04_17.54.12.jpg,396,194,442,238,Intersection
D:\rebar-dataset\training_keras_retinanet\new_data\img_124_2018-11-04_17.54.12.jpg,380,346,428,393,Intersection
D:\rebar-dataset\training_keras_retinanet\new_data\img_124_2018-11-04_17.54.12.jpg,229,342,275,384,Intersection
D:\rebar-dataset\training_keras_retinanet\new_data\img_124_2018-11-04_17.54.12.jpg,239,174,295,225,Intersection
D:\rebar-dataset\training_keras_retinanet\new_data\img_124_2018-11-04_17.54.12.jpg,84,160,139,214,Intersection
D:\rebar-dataset\training_keras_retinanet\new_data\img_124_2018-11-04_17.54.12.jpg,69,330,121,377,Intersection
D:\rebar-dataset\training_keras_retinanet\new_data\img_125_2018-11-04_17.54.13.jpg,133,124,181,173,Intersection
D:\rebar-dataset\training_keras_retinanet\new_data\img_125_2018-11-04_17.54.13.jpg,273,136,310,178,Intersection
D:\rebar-dataset\training_keras_retinanet\new_data\img_125_2018-11-04_17.54.13.jpg,412,145,461,193,Intersection
D:\rebar-dataset\training_keras_retinanet\new_data\img_125_2018-11-04_17.54.13.jpg,405,277,455,335,Intersection
D:\rebar-dataset\training_keras_retinanet\new_data\img_125_2018-11-04_17.54.13.jpg,397,438,447,480,Intersection
D:\rebar-dataset\training_keras_retinanet\new_data\img_125_2018-11-04_17.54.13.jpg,240,430,293,468,Intersection
D:\rebar-dataset\training_keras_retinanet\new_data\img_125_2018-11-04_17.54.13.jpg,126,258,176,312,Intersection
D:\rebar-dataset\training_keras_retinanet\new_data\img_125_2018-11-04_17.54.13.jpg,102,414,152,461,Intersection
D:\rebar-dataset\training_keras_retinanet\new_data\img_125_2018-11-04_17.54.13.jpg,258,267,303,315,Intersection
D:\rebar-dataset\training_keras_retinanet\new_data\img_126_2018-11-04_17.54.14.jpg,69,158,132,211,Intersection
D:\rebar-dataset\training_keras_retinanet\new_data\img_126_2018-11-04_17.54.14.jpg,54,298,110,350,Intersection
D:\rebar-dataset\training_keras_retinanet\new_data\img_126_2018-11-04_17.54.14.jpg,187,303,242,359,Intersection
D:\rebar-dataset\training_keras_retinanet\new_data\img_126_2018-11-04_17.54.14.jpg,204,170,256,225,Intersection
D:\rebar-dataset\training_keras_retinanet\new_data\img_126_2018-11-04_17.54.14.jpg,338,179,392,231,Intersection
D:\rebar-dataset\training_keras_retinanet\new_data\img_126_2018-11-04_17.54.14.jpg,336,310,387,365,Intersection
D:\rebar-dataset\training_keras_retinanet\new_data\img_127_2018-11-04_17.54.15.jpg,53,222,108,269,Intersection
D:\rebar-dataset\training_keras_retinanet\new_data\img_127_2018-11-04_17.54.15.jpg,177,235,225,277,Intersection
D:\rebar-dataset\training_keras_retinanet\new_data\img_127_2018-11-04_17.54.15.jpg,314,245,363,294,Intersection
D:\rebar-dataset\training_keras_retinanet\new_data\img_127_2018-11-04_17.54.15.jpg,172,374,213,413,Intersection
D:\rebar-dataset\training_keras_retinanet\new_data\img_127_2018-11-04_17.54.15.jpg,303,388,353,433,Intersection
D:\rebar-dataset\training_keras_retinanet\new_data\img_127_2018-11-04_17.54.15.jpg,40,350,94,398,Intersection
D:\rebar-dataset\training_keras_retinanet\new_data\img_128_2018-11-04_17.54.17.jpg,170,203,210,245,Intersection
D:\rebar-dataset\training_keras_retinanet\new_data\img_128_2018-11-04_17.54.17.jpg,273,212,308,249,Intersection
D:\rebar-dataset\training_keras_retinanet\new_data\img_128_2018-11-04_17.54.17.jpg,390,220,434,270,Intersection
D:\rebar-dataset\training_keras_retinanet\new_data\img_128_2018-11-04_17.54.17.jpg,383,349,416,386,Intersection
D:\rebar-dataset\training_keras_retinanet\new_data\img_128_2018-11-04_17.54.17.jpg,265,328,303,369,Intersection
D:\rebar-dataset\training_keras_retinanet\new_data\img_128_2018-11-04_17.54.17.jpg,168,311,204,347,Intersection
D:\rebar-dataset\training_keras_retinanet\new_data\img_128_2018-11-04_17.54.17.jpg,160,422,202,456,Intersection
D:\rebar-dataset\training_keras_retinanet\new_data\img_128_2018-11-04_17.54.17.jpg,257,444,295,478,Intersection
D:\rebar-dataset\training_keras_retinanet\new_data\img_129_2018-11-04_17.54.18.jpg,100,219,137,261,Intersection
D:\rebar-dataset\training_keras_retinanet\new_data\img_129_2018-11-04_17.54.18.jpg,202,240,242,279,Intersection
D:\rebar-dataset\training_keras_retinanet\new_data\img_129_2018-11-04_17.54.18.jpg,320,258,361,298,Intersection
D:\rebar-dataset\training_keras_retinanet\new_data\img_129_2018-11-04_17.54.18.jpg,189,350,230,397,Intersection
D:\rebar-dataset\training_keras_retinanet\new_data\img_129_2018-11-04_17.54.18.jpg,89,334,138,374,Intersection
D:\rebar-dataset\training_keras_retinanet\new_data\img_129_2018-11-04_17.54.18.jpg,77,440,121,478,Intersection
D:\rebar-dataset\training_keras_retinanet\new_data\img_129_2018-11-04_17.54.18.jpg,309,378,347,418,Intersection
D:\rebar-dataset\training_keras_retinanet\new_data\img_130_2018-11-04_17.54.19.jpg,77,231,127,282,Intersection
D:\rebar-dataset\training_keras_retinanet\new_data\img_130_2018-11-04_17.54.19.jpg,192,252,246,299,Intersection
D:\rebar-dataset\training_keras_retinanet\new_data\img_130_2018-11-04_17.54.19.jpg,318,260,370,316,Intersection
D:\rebar-dataset\training_keras_retinanet\new_data\img_130_2018-11-04_17.54.19.jpg,184,372,235,410,Intersection
D:\rebar-dataset\training_keras_retinanet\new_data\img_130_2018-11-04_17.54.19.jpg,73,356,118,404,Intersection
D:\rebar-dataset\training_keras_retinanet\new_data\img_130_2018-11-04_17.54.19.jpg,309,385,352,428,Intersection